/panama-city-beach-fl/ /mattress-removal/florida/santa-rosa-beach/ 301
/panama-city-beach-fl// /mattress-removal/florida/santa-rosa-beach/ 301
/woodbridge-va/ /mattress-removal/washington-dc/alexandria/ 301
/woodbridge-va// /mattress-removal/washington-dc/alexandria/ 301
/winchester-va /mattress-removal/washington-dc/alexandria/ 301
/winchester-va/ /mattress-removal/washington-dc/alexandria/ 301
/Bel-Air-MD /mattress-removal/maryland/baltimore/ 301
/Bel-Air-MD/ /mattress-removal/maryland/baltimore/ 301
/ocean-city-md /mattress-removal/maryland/annapolis/ 301
/ocean-city-md/ /mattress-removal/maryland/annapolis/ 301
/westminster-md/ /mattress-removal/washington-dc/ 301
/westminster-md// /mattress-removal/washington-dc/ 301
/herndon-va/ /mattress-removal/washington-dc/herndon/ 301
/herndon-va// /mattress-removal/washington-dc/herndon/ 301
/san-marcos-tx/ /mattress-removal/texas/austin/ 301
/san-marcos-tx// /mattress-removal/texas/austin/ 301
/redwood-city-ca/ /mattress-removal/california/san-francisco/ 301
/redwood-city-ca// /mattress-removal/california/san-francisco/ 301
/Alexandria-VA/ /mattress-removal/washington-dc/alexandria/ 301
/Alexandria-VA// /mattress-removal/washington-dc/alexandria/ 301
/vero-beach-fl /mattress-removal/florida/jacksonville/ 301
/vero-beach-fl/ /mattress-removal/florida/jacksonville/ 301
/ocala-fl/ /mattress-removal/florida/orlando/ 301
/ocala-fl// /mattress-removal/florida/orlando/ 301
/sterling-va/ /mattress-removal/washington-dc/sterling/ 301
/sterling-va// /mattress-removal/washington-dc/sterling/ 301
/fort-walton-beach-fl/ /mattress-removal/florida/santa-rosa-beach/ 301
/fort-walton-beach-fl// /mattress-removal/florida/santa-rosa-beach/ 301
/decatur-il/ /mattress-removal/illinois/springfield/ 301
/decatur-il// /mattress-removal/illinois/springfield/ 301
/stafford-va/ /mattress-removal/washington-dc/ 301
/stafford-va// /mattress-removal/washington-dc/ 301
/canon-city-co /mattress-removal/colorado/colorado-springs/ 301
/canon-city-co/ /mattress-removal/colorado/colorado-springs/ 301
/ashburn-va/ /mattress-removal/washington-dc/ashburn/ 301
/ashburn-va// /mattress-removal/washington-dc/ashburn/ 301
/reston-va/ /mattress-removal/washington-dc/reston/ 301
/reston-va// /mattress-removal/washington-dc/reston/ 301
/powhatan-va/ /mattress-removal/washington-dc/ 301
/powhatan-va// /mattress-removal/washington-dc/ 301
/palm-harbor-fl /mattress-removal/florida/tampa/ 301
/palm-harbor-fl/ /mattress-removal/florida/tampa/ 301
/pensacola-fl /mattress-removal/florida/santa-rosa-beach/ 301
/pensacola-fl/ /mattress-removal/florida/santa-rosa-beach/ 301
/keller-tx/ /mattress-removal/texas/dallas/ 301
/keller-tx// /mattress-removal/texas/dallas/ 301
/fredericksburg-va/ /mattress-removal/washington-dc/ 301
/fredericksburg-va// /mattress-removal/washington-dc/ 301
/fredericksburg-va /mattress-removal/washington-dc/ 301
/fredericksburg-va/ /mattress-removal/washington-dc/ 301
/vienna-va/ /mattress-removal/washington-dc/vienna/ 301
/vienna-va// /mattress-removal/washington-dc/vienna/ 301
/fountain-co /mattress-removal/colorado/colorado-springs/ 301
/fountain-co/ /mattress-removal/colorado/colorado-springs/ 301
/west-lafayette-in/ /mattress-removal/indiana/lafayette/ 301
/west-lafayette-in// /mattress-removal/indiana/lafayette/ 301
/panama-city-fl /mattress-removal/florida/santa-rosa-beach/ 301
/panama-city-fl/ /mattress-removal/florida/santa-rosa-beach/ 301
/pensacola-fl/ /mattress-removal/florida/santa-rosa-beach/ 301
/pensacola-fl// /mattress-removal/florida/santa-rosa-beach/ 301
/mill-valley-ca /mattress-removal/california/san-francisco/ 301
/mill-valley-ca/ /mattress-removal/california/san-francisco/ 301
/freeport-fl/ /mattress-removal/florida/tallahassee/ 301
/freeport-fl// /mattress-removal/florida/tallahassee/ 301
/weslaco-tx/ /mattress-removal/texas/corpus-christi/ 301
/weslaco-tx// /mattress-removal/texas/corpus-christi/ 301
/west-springfield-ma/ /mattress-removal/massachusetts/springfield/ 301
/west-springfield-ma// /mattress-removal/massachusetts/springfield/ 301
/davenport-fl/ /mattress-removal/florida/orlando/ 301
/davenport-fl// /mattress-removal/florida/orlando/ 301
/bonita-springs-fl/ /mattress-removal/florida/fort-myers/ 301
/bonita-springs-fl// /mattress-removal/florida/fort-myers/ 301
/christiansburg-va/ /mattress-removal/washington-dc/ 301
/christiansburg-va// /mattress-removal/washington-dc/ 301
/edinburg-tx/ /mattress-removal/texas/corpus-christi/ 301
/edinburg-tx// /mattress-removal/texas/corpus-christi/ 301
/Rockport-TX /mattress-removal/texas/corpus-christi/ 301
/Rockport-TX/ /mattress-removal/texas/corpus-christi/ 301
/zephyrhills-fl /mattress-removal/florida/tampa/ 301
/zephyrhills-fl/ /mattress-removal/florida/tampa/ 301
/rockwall-tx/ /mattress-removal/texas/dallas/ 301
/rockwall-tx// /mattress-removal/texas/dallas/ 301
/clermont-fl/ /mattress-removal/florida/orlando/ 301
/clermont-fl// /mattress-removal/florida/orlando/ 301
/waynesboro-va /mattress-removal/washington-dc/ 301
/waynesboro-va/ /mattress-removal/washington-dc/ 301
/west-monroe-la/ /mattress-removal/louisiana/monroe/ 301
/west-monroe-la// /mattress-removal/louisiana/monroe/ 301
/milton-fl /mattress-removal/florida/tallahassee/ 301
/milton-fl/ /mattress-removal/florida/tallahassee/ 301
/niceville-fl/ /mattress-removal/florida/santa-rosa-beach/ 301
/niceville-fl// /mattress-removal/florida/santa-rosa-beach/ 301
/wesley-chapel-fl /mattress-removal/florida/tampa/ 301
/wesley-chapel-fl/ /mattress-removal/florida/tampa/ 301
/ellicott-city-md /mattress-removal/washington-dc/ 301
/ellicott-city-md/ /mattress-removal/washington-dc/ 301
/bedford-tx /mattress-removal/texas/dallas/ 301
/bedford-tx/ /mattress-removal/texas/dallas/ 301
/mesquite-tx/ /mattress-removal/texas/dallas/ 301
/mesquite-tx// /mattress-removal/texas/dallas/ 301
/buda-tx/ /mattress-removal/texas/austin/ 301
/buda-tx// /mattress-removal/texas/austin/ 301
/new-port-richey-fl /mattress-removal/florida/tampa/ 301
/new-port-richey-fl/ /mattress-removal/florida/tampa/ 301
/windsor-co /mattress-removal/colorado/fort-collins/ 301
/windsor-co/ /mattress-removal/colorado/fort-collins/ 301
/destin-fl/ /mattress-removal/florida/santa-rosa-beach/ 301
/destin-fl// /mattress-removal/florida/santa-rosa-beach/ 301
/germantown-md /mattress-removal/washington-dc/alexandria/ 301
/germantown-md/ /mattress-removal/washington-dc/alexandria/ 301
/leesburg-va/ /mattress-removal/washington-dc/leesburg/ 301
/leesburg-va// /mattress-removal/washington-dc/leesburg/ 301
/schertz-tx/ /mattress-removal/texas/san-antonio/ 301
/schertz-tx// /mattress-removal/texas/san-antonio/ 301
/lake-mary-fl /mattress-removal/florida/orlando/ 301
/lake-mary-fl/ /mattress-removal/florida/orlando/ 301
/mcallen-tx/ /mattress-removal/texas/dallas/ 301
/mcallen-tx// /mattress-removal/texas/dallas/ 301
/silver-spring-md/ /mattress-removal/washington-dc/alexandria/ 301
/silver-spring-md// /mattress-removal/washington-dc/alexandria/ 301
/west-pasco-wa /mattress-removal/washington/pasco/ 301
/west-pasco-wa/ /mattress-removal/washington/pasco/ 301
/elkridge-md/ /mattress-removal/washington-dc/ 301
/elkridge-md// /mattress-removal/washington-dc/ 301
/forney-tx/ /mattress-removal/texas/dallas/ 301
/forney-tx// /mattress-removal/texas/dallas/ 301
/north-canton-oh /mattress-removal/ohio/canton/ 301
/north-canton-oh/ /mattress-removal/ohio/canton/ 301
/sebastian-fl/ /mattress-removal/florida/jacksonville/ 301
/sebastian-fl// /mattress-removal/florida/jacksonville/ 301
/north-syracuse-ny/ /mattress-removal/new-york/syracuse/ 301
/north-syracuse-ny// /mattress-removal/new-york/syracuse/ 301
/east-lansing-mi/ /mattress-removal/michigan/lansing/ 301
/east-lansing-mi// /mattress-removal/michigan/lansing/ 301
/saint-marys-city-md/ /mattress-removal/washington-dc/ 301
/saint-marys-city-md// /mattress-removal/washington-dc/ 301
/stow-oh /mattress-removal/ohio/youngstown/ 301
/stow-oh/ /mattress-removal/ohio/youngstown/ 301
/orange-park-fl /mattress-removal/florida/jacksonville/ 301
/orange-park-fl/ /mattress-removal/florida/jacksonville/ 301
/fernandina-beach-fl /mattress-removal/florida/jacksonville/ 301
/fernandina-beach-fl/ /mattress-removal/florida/jacksonville/ 301
/oakdale-ca /mattress-removal/california/modesto/ 301
/oakdale-ca/ /mattress-removal/california/modesto/ 301
/north-myrtle-beach-sc/ /mattress-removal/south-carolina/myrtle-beach/ 301
/north-myrtle-beach-sc// /mattress-removal/south-carolina/myrtle-beach/ 301
/oakley-ca /mattress-removal/california/san-francisco/ 301
/oakley-ca/ /mattress-removal/california/san-francisco/ 301
/yorktown-va/ /mattress-removal/washington-dc/ 301
/yorktown-va// /mattress-removal/washington-dc/ 301
/ormond-beach-fl/ /mattress-removal/florida/jacksonville/ 301
/ormond-beach-fl// /mattress-removal/florida/jacksonville/ 301
/miramar-beach-fl/ /mattress-removal/florida/tallahassee/ 301
/miramar-beach-fl// /mattress-removal/florida/tallahassee/ 301
/elgin-tx/ /mattress-removal/texas/austin/ 301
/elgin-tx// /mattress-removal/texas/austin/ 301
/elkton-md /mattress-removal/washington-dc/ 301
/elkton-md/ /mattress-removal/washington-dc/ 301
/pacifica-ca /mattress-removal/california/san-francisco/ 301
/pacifica-ca/ /mattress-removal/california/san-francisco/ 301
/port-arthur-tx/ /mattress-removal/texas/tyler/ 301
/port-arthur-tx// /mattress-removal/texas/tyler/ 301
/pharr-tx/ /mattress-removal/texas/corpus-christi/ 301
/pharr-tx// /mattress-removal/texas/corpus-christi/ 301
/lexington-park-md /mattress-removal/washington-dc/ 301
/lexington-park-md/ /mattress-removal/washington-dc/ 301
/east-sonora-ca/ /mattress-removal/california/sacramento/ 301
/east-sonora-ca// /mattress-removal/california/sacramento/ 301
/kyle-tx/ /mattress-removal/texas/austin/ 301
/kyle-tx// /mattress-removal/texas/austin/ 301
/the-villages-fl/ /mattress-removal/florida/orlando/ 301
/the-villages-fl// /mattress-removal/florida/orlando/ 301
/tarpon-springs-fl /mattress-removal/florida/tampa/ 301
/tarpon-springs-fl/ /mattress-removal/florida/tampa/ 301
/coppell-tx/ /mattress-removal/texas/dallas/ 301
/coppell-tx// /mattress-removal/texas/dallas/ 301
/rockville-md /mattress-removal/washington-dc/rockville/ 301
/rockville-md/ /mattress-removal/washington-dc/rockville/ 301
/boerne-tx/ /mattress-removal/texas/san-antonio/ 301
/boerne-tx// /mattress-removal/texas/san-antonio/ 301
/Towson-MD /mattress-removal/washington-dc/ 301
/Towson-MD/ /mattress-removal/washington-dc/ 301
/folsom-ca/ /mattress-removal/california/sacramento/ 301
/folsom-ca// /mattress-removal/california/sacramento/ 301
/Clovis-CA/ /mattress-removal/california/fresno/ 301
/Clovis-CA// /mattress-removal/california/fresno/ 301
/bastrop-tx/ /mattress-removal/texas/austin/ 301
/bastrop-tx// /mattress-removal/texas/austin/ 301
/bethesda-md/ /mattress-removal/washington-dc/alexandria/ 301
/bethesda-md// /mattress-removal/washington-dc/alexandria/ 301
/hanover-va/ /mattress-removal/washington-dc/ 301
/hanover-va// /mattress-removal/washington-dc/ 301
/goochland-va/ /mattress-removal/washington-dc/ 301
/goochland-va// /mattress-removal/washington-dc/ 301
/naples-fl/ /mattress-removal/florida/fort-myers/ 301
/naples-fl// /mattress-removal/florida/fort-myers/ 301
/Selma-CA /mattress-removal/california/fresno/ 301
/Selma-CA/ /mattress-removal/california/fresno/ 301
/west-columbia-sc/ /mattress-removal/south-carolina/columbia/ 301
/west-columbia-sc// /mattress-removal/south-carolina/columbia/ 301
/arlington-va/ /mattress-removal/washington-dc/alexandria/ 301
/arlington-va// /mattress-removal/washington-dc/alexandria/ 301
/midlothian-va/ /mattress-removal/washington-dc/ 301
/midlothian-va// /mattress-removal/washington-dc/ 301
/altamonte-springs-fl /mattress-removal/florida/orlando/ 301
/altamonte-springs-fl/ /mattress-removal/florida/orlando/ 301
/pinellas-park-fl /mattress-removal/florida/tampa/ 301
/pinellas-park-fl/ /mattress-removal/florida/tampa/ 301
/abingdon-va/ /mattress-removal/washington-dc/ 301
/abingdon-va// /mattress-removal/washington-dc/ 301
/chesterfield-va/ /mattress-removal/washington-dc/ 301
/chesterfield-va// /mattress-removal/washington-dc/ 301
/west-haven-ct/ /mattress-removal/connecticut/new-haven/ 301
/west-haven-ct// /mattress-removal/connecticut/new-haven/ 301
/brandon-fl /mattress-removal/florida/tampa/ 301
/brandon-fl/ /mattress-removal/florida/tampa/ 301
/mount-airy-md/ /mattress-removal/washington-dc/ 301
/mount-airy-md// /mattress-removal/washington-dc/ 301
/ruskin-fl /mattress-removal/florida/tampa/ 301
/ruskin-fl/ /mattress-removal/florida/tampa/ 301
/manassas-va/ /mattress-removal/washington-dc/manassas/ 301
/manassas-va// /mattress-removal/washington-dc/manassas/ 301
/brentwood-ca /mattress-removal/california/san-francisco/ 301
/brentwood-ca/ /mattress-removal/california/san-francisco/ 301
/winter-springs-fl /mattress-removal/florida/orlando/ 301
/winter-springs-fl/ /mattress-removal/florida/orlando/ 301
/crestview-fl /mattress-removal/florida/santa-rosa-beach/ 301
/crestview-fl/ /mattress-removal/florida/santa-rosa-beach/ 301
/livermore-ca/ /mattress-removal/california/san-francisco/ 301
/livermore-ca// /mattress-removal/california/san-francisco/ 301
/culpeper-va /mattress-removal/washington-dc/ 301
/culpeper-va/ /mattress-removal/washington-dc/ 301
/catonsville-md /mattress-removal/washington-dc/ 301
/catonsville-md/ /mattress-removal/washington-dc/ 301
/merritt-island-fl/ /mattress-removal/florida/jacksonville/ 301
/merritt-island-fl// /mattress-removal/florida/jacksonville/ 301
/olney-md /mattress-removal/washington-dc/ 301
/olney-md/ /mattress-removal/washington-dc/ 301
/north-logan-ut /mattress-removal/utah/logan/ 301
/north-logan-ut/ /mattress-removal/utah/logan/ 301
/lufkin-tx/ /mattress-removal/texas/tyler/ 301
/lufkin-tx// /mattress-removal/texas/tyler/ 301
/anna-tx/ /mattress-removal/texas/dallas/ 301
/anna-tx// /mattress-removal/texas/dallas/ 301
/rohnert-park-ca /mattress-removal/california/san-francisco/ 301
/rohnert-park-ca/ /mattress-removal/california/san-francisco/ 301
/dripping-springs-tx/ /mattress-removal/texas/austin/ 301
/dripping-springs-tx// /mattress-removal/texas/austin/ 301
/mclean-va/ /mattress-removal/washington-dc/ 301
/mclean-va// /mattress-removal/washington-dc/ 301
/salida-co/ /mattress-removal/colorado/colorado-springs/ 301
/salida-co// /mattress-removal/colorado/colorado-springs/ 301
/nacogdoches-tx/ /mattress-removal/texas/tyler/ 301
/nacogdoches-tx// /mattress-removal/texas/tyler/ 301
/cumberland-md/ /mattress-removal/washington-dc/ 301
/cumberland-md// /mattress-removal/washington-dc/ 301
/new-kent-va/ /mattress-removal/washington-dc/ 301
/new-kent-va// /mattress-removal/washington-dc/ 301
/holiday-fl/ /mattress-removal/florida/tampa/ 301
/holiday-fl// /mattress-removal/florida/tampa/ 301
/sykesville-md /mattress-removal/washington-dc/ 301
/sykesville-md/ /mattress-removal/washington-dc/ 301
/carpinteria-ca/ /mattress-removal/california/santa-barbara/ 301
/carpinteria-ca// /mattress-removal/california/santa-barbara/ 301
/chantilly-va /mattress-removal/washington-dc/chantilly/ 301
/chantilly-va/ /mattress-removal/washington-dc/chantilly/ 301
/west-hartford-ct/ /mattress-removal/connecticut/hartford/ 301
/west-hartford-ct// /mattress-removal/connecticut/hartford/ 301
/euless-tx /mattress-removal/texas/dallas/ 301
/euless-tx/ /mattress-removal/texas/dallas/ 301
/east-montpelier-vt /mattress-removal/vermont/montpelier/ 301
/east-montpelier-vt/ /mattress-removal/vermont/montpelier/ 301
/dunedin-fl /mattress-removal/florida/tampa/ 301
/dunedin-fl/ /mattress-removal/florida/tampa/ 301
/easton-md/ /mattress-removal/washington-dc/ 301
/easton-md// /mattress-removal/washington-dc/ 301
/lafayette-ca /mattress-removal/california/san-francisco/ 301
/lafayette-ca/ /mattress-removal/california/san-francisco/ 301
/pace-fl /mattress-removal/florida/tallahassee/ 301
/pace-fl/ /mattress-removal/florida/tallahassee/ 301
/spotsylvania-va/ /mattress-removal/washington-dc/ 301
/spotsylvania-va// /mattress-removal/washington-dc/ 301
/summerfield-fl /mattress-removal/florida/orlando/ 301
/summerfield-fl/ /mattress-removal/florida/orlando/ 301
/taylor-tx/ /mattress-removal/texas/austin/ 301
/taylor-tx// /mattress-removal/texas/austin/ 301
/quantico-va/ /mattress-removal/washington-dc/ 301
/quantico-va// /mattress-removal/washington-dc/ 301
/new-smyrna-beach-fl /mattress-removal/florida/jacksonville/ 301
/new-smyrna-beach-fl/ /mattress-removal/florida/jacksonville/ 301
/columbia-md /mattress-removal/washington-dc/ 301
/columbia-md/ /mattress-removal/washington-dc/ 301
/springfield-va/ /mattress-removal/washington-dc/springfield/ 301
/springfield-va// /mattress-removal/washington-dc/springfield/ 301
/hurst-tx/ /mattress-removal/texas/dallas/ 301
/hurst-tx// /mattress-removal/texas/dallas/ 301
/southlake-tx/ /mattress-removal/texas/dallas/ 301
/southlake-tx// /mattress-removal/texas/dallas/ 301
/cibolo-tx/ /mattress-removal/texas/san-antonio/ 301
/cibolo-tx// /mattress-removal/texas/san-antonio/ 301
/midlothian-tx/ /mattress-removal/texas/dallas/ 301
/midlothian-tx// /mattress-removal/texas/dallas/ 301
/brooksville-fl /mattress-removal/florida/tampa/ 301
/brooksville-fl/ /mattress-removal/florida/tampa/ 301
/seguin-tx/ /mattress-removal/texas/san-antonio/ 301
/seguin-tx// /mattress-removal/texas/san-antonio/ 301
/montgomery-village-md /mattress-removal/washington-dc/ 301
/montgomery-village-md/ /mattress-removal/washington-dc/ 301
/riverview-fl /mattress-removal/florida/tampa/ 301
/riverview-fl/ /mattress-removal/florida/tampa/ 301
/dade-city-fl /mattress-removal/florida/tampa/ 301
/dade-city-fl/ /mattress-removal/florida/tampa/ 301
/antioch-ca /mattress-removal/california/san-francisco/ 301
/antioch-ca/ /mattress-removal/california/san-francisco/ 301
/navarre-fl /mattress-removal/florida/tallahassee/ 301
/navarre-fl/ /mattress-removal/florida/tallahassee/ 301
/celina-tx/ /mattress-removal/texas/dallas/ 301
/celina-tx// /mattress-removal/texas/dallas/ 301
/millersville-md /mattress-removal/washington-dc/ 301
/millersville-md/ /mattress-removal/washington-dc/ 301
/plant-city-fl/ /mattress-removal/florida/tampa/ 301
/plant-city-fl// /mattress-removal/florida/tampa/ 301
/canton-tx/ /mattress-removal/texas/dallas/ 301
/canton-tx// /mattress-removal/texas/dallas/ 301
/berlin-md /mattress-removal/washington-dc/ 301
/berlin-md/ /mattress-removal/washington-dc/ 301
/falls-church-va/ /mattress-removal/washington-dc/alexandria/ 301
/falls-church-va// /mattress-removal/washington-dc/alexandria/ 301
/bowie-md /mattress-removal/washington-dc/bowie/ 301
/bowie-md/ /mattress-removal/washington-dc/bowie/ 301
/vacaville-ca/ /mattress-removal/california/sacramento/ 301
/vacaville-ca// /mattress-removal/california/sacramento/ 301
/oldsmar-fl /mattress-removal/florida/tampa/ 301
/oldsmar-fl/ /mattress-removal/florida/tampa/ 301
/joppa-md /mattress-removal/washington-dc/ 301
/joppa-md/ /mattress-removal/washington-dc/ 301
/abingdon-md /mattress-removal/washington-dc/ 301
/abingdon-md/ /mattress-removal/washington-dc/ 301
/east-olympia-wa/ /mattress-removal/washington/olympia/ 301
/east-olympia-wa// /mattress-removal/washington/olympia/ 301
/benicia-ca /mattress-removal/california/san-francisco/ 301
/benicia-ca/ /mattress-removal/california/san-francisco/ 301
/addison-tx/ /mattress-removal/texas/dallas/ 301
/addison-tx// /mattress-removal/texas/dallas/ 301
/lorton-va/ /mattress-removal/washington-dc/ 301
/lorton-va// /mattress-removal/washington-dc/ 301
/titusville-fl /mattress-removal/florida/jacksonville/ 301
/titusville-fl/ /mattress-removal/florida/jacksonville/ 301
/ashland-va/ /mattress-removal/washington-dc/ 301
/ashland-va// /mattress-removal/washington-dc/ 301
/seminole-fl/ /mattress-removal/florida/tampa/ 301
/seminole-fl// /mattress-removal/florida/tampa/ 301
/flagler-beach-fl /mattress-removal/florida/jacksonville/ 301
/flagler-beach-fl/ /mattress-removal/florida/jacksonville/ 301
/converse-tx/ /mattress-removal/texas/san-antonio/ 301
/converse-tx// /mattress-removal/texas/san-antonio/ 301
/ennis-tx/ /mattress-removal/texas/dallas/ 301
/ennis-tx// /mattress-removal/texas/dallas/ 301
/appomattox-va/ /mattress-removal/washington-dc/ 301
/appomattox-va// /mattress-removal/washington-dc/ 301
/king-william-va/ /mattress-removal/washington-dc/ 301
/king-william-va// /mattress-removal/washington-dc/ 301
/south-riding-va/ /mattress-removal/washington-dc/ 301
/south-riding-va// /mattress-removal/washington-dc/ 301
/gainesville-va/ /mattress-removal/washington-dc/alexandria/ 301
/gainesville-va// /mattress-removal/washington-dc/alexandria/ 301
/lady-lake-fl /mattress-removal/florida/orlando/ 301
/lady-lake-fl/ /mattress-removal/florida/orlando/ 301
/manteca-ca /mattress-removal/california/stockton/ 301
/manteca-ca/ /mattress-removal/california/stockton/ 301
/watsonville-ca /mattress-removal/california/santa-barbara/ 301
/watsonville-ca/ /mattress-removal/california/santa-barbara/ 301
/gaithersburg-md /mattress-removal/washington-dc/gaithersburg/ 301
/gaithersburg-md/ /mattress-removal/washington-dc/gaithersburg/ 301
/cambridge-md/ /mattress-removal/washington-dc/ 301
/cambridge-md// /mattress-removal/washington-dc/ 301
/campbell-ca /mattress-removal/california/san-francisco/ 301
/campbell-ca/ /mattress-removal/california/san-francisco/ 301
/casselberry-fl /mattress-removal/florida/orlando/ 301
/casselberry-fl/ /mattress-removal/florida/orlando/ 301
/north-auburn-ca/ /mattress-removal/california/sacramento/ 301
/north-auburn-ca// /mattress-removal/california/sacramento/ 301
/east-oakdale-ca/ /mattress-removal/california/sacramento/ 301
/east-oakdale-ca// /mattress-removal/california/sacramento/ 301
/waldorf-md /mattress-removal/washington-dc/ 301
/waldorf-md/ /mattress-removal/washington-dc/ 301
/warrenton-va /mattress-removal/washington-dc/ 301
/warrenton-va/ /mattress-removal/washington-dc/ 301
/sanford-fl/ /mattress-removal/florida/orlando/ 301
/sanford-fl// /mattress-removal/florida/orlando/ 301
/belmont-ca /mattress-removal/california/san-francisco/ 301
/belmont-ca/ /mattress-removal/california/san-francisco/ 301
/grapevine-tx /mattress-removal/texas/dallas/ 301
/grapevine-tx/ /mattress-removal/texas/dallas/ 301
/prince-george-va/ /mattress-removal/washington-dc/ 301
/prince-george-va// /mattress-removal/washington-dc/ 301
/kingsville-tx/ /mattress-removal/texas/corpus-christi/ 301
/kingsville-tx// /mattress-removal/texas/corpus-christi/ 301
/oviedo-fl/ /mattress-removal/florida/orlando/ 301
/oviedo-fl// /mattress-removal/florida/orlando/ 301
/waxahachie-tx/ /mattress-removal/texas/dallas/ 301
/waxahachie-tx// /mattress-removal/texas/dallas/ 301
/winter-park-fl /mattress-removal/florida/orlando/ 301
/winter-park-fl/ /mattress-removal/florida/orlando/ 301
/corsicana-tx /mattress-removal/texas/dallas/ 301
/corsicana-tx/ /mattress-removal/texas/dallas/ 301
/key-largo-fl /mattress-removal/florida/tampa/ 301
/key-largo-fl/ /mattress-removal/florida/tampa/ 301
/johnstown-co /mattress-removal/colorado/fort-collins/ 301
/johnstown-co/ /mattress-removal/colorado/fort-collins/ 301
/celebration-fl /mattress-removal/florida/orlando/ 301
/celebration-fl/ /mattress-removal/florida/orlando/ 301
/san-carlos-ca/ /mattress-removal/california/san-francisco/ 301
/san-carlos-ca// /mattress-removal/california/san-francisco/ 301
/dixon-ca /mattress-removal/california/sacramento/ 301
/dixon-ca/ /mattress-removal/california/sacramento/ 301
/odessa-fl/ /mattress-removal/florida/tampa/ 301
/odessa-fl// /mattress-removal/florida/tampa/ 301
/east-ithaca-ny/ /mattress-removal/new-york/ithaca/ 301
/east-ithaca-ny// /mattress-removal/new-york/ithaca/ 301
/athens-tx/ /mattress-removal/texas/dallas/ 301
/athens-tx// /mattress-removal/texas/dallas/ 301
/crofton-md /mattress-removal/washington-dc/ 301
/crofton-md/ /mattress-removal/washington-dc/ 301
/owings-mills-md /mattress-removal/washington-dc/ 301
/owings-mills-md/ /mattress-removal/washington-dc/ 301
/saint-helena-ca/ /mattress-removal/california/san-francisco/ 301
/saint-helena-ca// /mattress-removal/california/san-francisco/ 301
/middleburg-fl/ /mattress-removal/florida/jacksonville/ 301
/middleburg-fl// /mattress-removal/florida/jacksonville/ 301
/eldersburg-md /mattress-removal/washington-dc/ 301
/eldersburg-md/ /mattress-removal/washington-dc/ 301
/bristow-va/ /mattress-removal/washington-dc/ 301
/bristow-va// /mattress-removal/washington-dc/ 301
/frostburg-md/ /mattress-removal/washington-dc/ 301
/frostburg-md// /mattress-removal/washington-dc/ 301
/severna-park-md /mattress-removal/washington-dc/ 301
/severna-park-md/ /mattress-removal/washington-dc/ 301
/smithville-tx/ /mattress-removal/texas/austin/ 301
/smithville-tx// /mattress-removal/texas/austin/ 301
/murphy-tx/ /mattress-removal/texas/dallas/ 301
/murphy-tx// /mattress-removal/texas/dallas/ 301
/east-porterville-ca/ /mattress-removal/california/porterville/ 301
/east-porterville-ca// /mattress-removal/california/porterville/ 301
/lathrop-ca /mattress-removal/california/sacramento/ 301
/lathrop-ca/ /mattress-removal/california/sacramento/ 301
/san-ramon-ca/ /mattress-removal/california/san-francisco/ 301
/san-ramon-ca// /mattress-removal/california/san-francisco/ 301
/universal-city-tx/ /mattress-removal/texas/austin/ 301
/universal-city-tx// /mattress-removal/texas/austin/ 301
/monterey-ca/ /mattress-removal/california/santa-barbara/ 301
/monterey-ca// /mattress-removal/california/santa-barbara/ 301
/lindsay-ca /mattress-removal/california/fresno/ 301
/lindsay-ca/ /mattress-removal/california/fresno/ 301
/gulf-breeze-fl /mattress-removal/florida/tallahassee/ 301
/gulf-breeze-fl/ /mattress-removal/florida/tallahassee/ 301
/capitol-heights-md /mattress-removal/washington-dc/ 301
/capitol-heights-md/ /mattress-removal/washington-dc/ 301
/lodi-ca/ /mattress-removal/california/sacramento/ 301
/lodi-ca// /mattress-removal/california/sacramento/ 301
/north-port-fl/ /mattress-removal/florida/jacksonville/ 301
/north-port-fl// /mattress-removal/florida/jacksonville/ 301
/satellite-beach-fl /mattress-removal/florida/jacksonville/ 301
/satellite-beach-fl/ /mattress-removal/florida/jacksonville/ 301
/manor-tx /mattress-removal/texas/austin/ 301
/manor-tx/ /mattress-removal/texas/austin/ 301
/east-missoula-mt /mattress-removal/montana/missoula/ 301
/east-missoula-mt/ /mattress-removal/montana/missoula/ 301
/martinsville-va/ /mattress-removal/washington-dc/ 301
/martinsville-va// /mattress-removal/washington-dc/ 301
/novato-ca /mattress-removal/california/san-francisco/ 301
/novato-ca/ /mattress-removal/california/san-francisco/ 301
/castro-valley-ca /mattress-removal/california/san-francisco/ 301
/castro-valley-ca/ /mattress-removal/california/san-francisco/ 301
/cedar-creek-tx/ /mattress-removal/texas/austin/ 301
/cedar-creek-tx// /mattress-removal/texas/austin/ 301
/mechanicsville-va /mattress-removal/washington-dc/ 301
/mechanicsville-va/ /mattress-removal/washington-dc/ 301
/Madera-CA/ /mattress-removal/california/fresno/ 301
/Madera-CA// /mattress-removal/california/fresno/ 301
/pueblo-west-co/ /mattress-removal/colorado/pueblo/ 301
/pueblo-west-co// /mattress-removal/colorado/pueblo/ 301
/alamo-heights-tx/ /mattress-removal/texas/san-antonio/ 301
/alamo-heights-tx// /mattress-removal/texas/san-antonio/ 301
/martinez-ca /mattress-removal/california/san-francisco/ 301
/martinez-ca/ /mattress-removal/california/san-francisco/ 301
/cocoa-beach-fl/ /mattress-removal/florida/jacksonville/ 301
/cocoa-beach-fl// /mattress-removal/florida/jacksonville/ 301
/east-peoria-il/ /mattress-removal/illinois/peoria/ 301
/east-peoria-il// /mattress-removal/illinois/peoria/ 301
/farmville-va/ /mattress-removal/washington-dc/ 301
/farmville-va// /mattress-removal/washington-dc/ 301
/marshall-tx/ /mattress-removal/texas/tyler/ 301
/marshall-tx// /mattress-removal/texas/tyler/ 301
/poinciana-fl/ /mattress-removal/florida/orlando/ 301
/poinciana-fl// /mattress-removal/florida/orlando/ 301
/mission-tx/ /mattress-removal/texas/corpus-christi/ 301
/mission-tx// /mattress-removal/texas/corpus-christi/ 301
/cocoa-fl /mattress-removal/florida/jacksonville/ 301
/cocoa-fl/ /mattress-removal/florida/jacksonville/ 301
/madera-ca/ /mattress-removal/california/fresno/ 301
/madera-ca// /mattress-removal/california/fresno/ 301
/terrell-tx/ /mattress-removal/texas/dallas/ 301
/terrell-tx// /mattress-removal/texas/dallas/ 301
/albany-ca /mattress-removal/california/san-francisco/ 301
/albany-ca/ /mattress-removal/california/san-francisco/ 301
/princeton-tx/ /mattress-removal/texas/dallas/ 301
/princeton-tx// /mattress-removal/texas/dallas/ 301
/dunnellon-fl /mattress-removal/florida/orlando/ 301
/dunnellon-fl/ /mattress-removal/florida/orlando/ 301
/rio-vista-ca /mattress-removal/california/san-diego/ 301
/rio-vista-ca/ /mattress-removal/california/san-diego/ 301
/pulaski-va/ /mattress-removal/washington-dc/ 301
/pulaski-va// /mattress-removal/washington-dc/ 301
/green-cove-springs-fl /mattress-removal/florida/jacksonville/ 301
/green-cove-springs-fl/ /mattress-removal/florida/jacksonville/ 301
/stuarts-draft-va/ /mattress-removal/washington-dc/ 301
/stuarts-draft-va// /mattress-removal/washington-dc/ 301
/west-sacramento-ca/ /mattress-removal/california/sacramento/ 301
/west-sacramento-ca// /mattress-removal/california/sacramento/ 301
/radford-va/ /mattress-removal/washington-dc/ 301
/radford-va// /mattress-removal/washington-dc/ 301
/colonial-heights-va/ /mattress-removal/washington-dc/ 301
/colonial-heights-va// /mattress-removal/washington-dc/ 301
/front-royal-va/ /mattress-removal/washington-dc/ 301
/front-royal-va// /mattress-removal/washington-dc/ 301
/tavares-fl /mattress-removal/florida/orlando/ 301
/tavares-fl/ /mattress-removal/florida/orlando/ 301
/north-kansas-city-mo /mattress-removal/missouri/kansas-city/ 301
/north-kansas-city-mo/ /mattress-removal/missouri/kansas-city/ 301
/saratoga-ca /mattress-removal/california/san-francisco/ 301
/saratoga-ca/ /mattress-removal/california/san-francisco/ 301
/lake-mary-fl/ /mattress-removal/florida/orlando/ 301
/lake-mary-fl// /mattress-removal/florida/orlando/ 301
/farmersville-ca /mattress-removal/california/fresno/ 301
/farmersville-ca/ /mattress-removal/california/fresno/ 301
/fallston-md /mattress-removal/washington-dc/ 301
/fallston-md/ /mattress-removal/washington-dc/ 301
/union-city-ca/ /mattress-removal/california/san-francisco/ 301
/union-city-ca// /mattress-removal/california/san-francisco/ 301
/staunton-va /mattress-removal/washington-dc/ 301
/staunton-va/ /mattress-removal/washington-dc/ 301
/red-oak-tx/ /mattress-removal/texas/dallas/ 301
/red-oak-tx// /mattress-removal/texas/dallas/ 301
/los-banos-ca/ /mattress-removal/california/fresno/ 301
/los-banos-ca// /mattress-removal/california/fresno/ 301
/ceres-ca /mattress-removal/california/sacramento/ 301
/ceres-ca/ /mattress-removal/california/sacramento/ 301
/Grapevine-TX/ /mattress-removal/texas/dallas/ 301
/Grapevine-TX// /mattress-removal/texas/dallas/ 301
/ripon-ca /mattress-removal/california/sacramento/ 301
/ripon-ca/ /mattress-removal/california/sacramento/ 301
/lovettsville-va /mattress-removal/washington-dc/ 301
/lovettsville-va/ /mattress-removal/washington-dc/ 301
/capitola-ca/ /mattress-removal/california/san-francisco/ 301
/capitola-ca// /mattress-removal/california/san-francisco/ 301
/Euless-TX/ /mattress-removal/texas/dallas/ 301
/Euless-TX// /mattress-removal/texas/dallas/ 301
/marianna-fl/ /mattress-removal/florida/tallahassee/ 301
/marianna-fl// /mattress-removal/florida/tallahassee/ 301
/williamsburg-va/ /mattress-removal/washington-dc/ 301
/williamsburg-va// /mattress-removal/washington-dc/ 301
/east-helena-mt/ /mattress-removal/montana/helena/ 301
/east-helena-mt// /mattress-removal/montana/helena/ 301
/glen-burnie-md /mattress-removal/washington-dc/ 301
/glen-burnie-md/ /mattress-removal/washington-dc/ 301
/tysons-va/ /mattress-removal/washington-dc/ 301
/tysons-va// /mattress-removal/washington-dc/ 301
/hopewell-va/ /mattress-removal/washington-dc/ 301
/hopewell-va// /mattress-removal/washington-dc/ 301
/solana-beach-ca /mattress-removal/california/san-diego/ 301
/solana-beach-ca/ /mattress-removal/california/san-diego/ 301
/chipley-fl/ /mattress-removal/florida/tallahassee/ 301
/chipley-fl// /mattress-removal/florida/tallahassee/ 301
/leesburg-fl /mattress-removal/florida/orlando/ 301
/leesburg-fl/ /mattress-removal/florida/orlando/ 301
/haymarket-va/ /mattress-removal/washington-dc/ 301
/haymarket-va// /mattress-removal/washington-dc/ 301
/healdsburg-ca/ /mattress-removal/california/san-francisco/ 301
/healdsburg-ca// /mattress-removal/california/san-francisco/ 301
/Prosper-TX /mattress-removal/texas/dallas/ 301
/Prosper-TX/ /mattress-removal/texas/dallas/ 301
/balch-springs-tx/ /mattress-removal/texas/dallas/ 301
/balch-springs-tx// /mattress-removal/texas/dallas/ 301
/bedford-va /mattress-removal/washington-dc/ 301
/bedford-va/ /mattress-removal/washington-dc/ 301
/lockhart-tx/ /mattress-removal/texas/austin/ 301
/lockhart-tx// /mattress-removal/texas/austin/ 301
/horizon-city-tx/ /mattress-removal/texas/el-paso/ 301
/horizon-city-tx// /mattress-removal/texas/el-paso/ 301
/evans-co/ /mattress-removal/colorado/fort-collins/ 301
/evans-co// /mattress-removal/colorado/fort-collins/ 301
/fair-oaks-ca /mattress-removal/california/sacramento/ 301
/fair-oaks-ca/ /mattress-removal/california/sacramento/ 301
/berthoud-co/ /mattress-removal/colorado/fort-collins/ 301
/berthoud-co// /mattress-removal/colorado/fort-collins/ 301
/king-george-va/ /mattress-removal/washington-dc/ 301
/king-george-va// /mattress-removal/washington-dc/ 301
/dumfries-va /mattress-removal/washington-dc/ 301
/dumfries-va/ /mattress-removal/washington-dc/ 301
/little-elm-tx/ /mattress-removal/texas/dallas/ 301
/little-elm-tx// /mattress-removal/texas/dallas/ 301
/cape-canaveral-fl/ /mattress-removal/florida/jacksonville/ 301
/cape-canaveral-fl// /mattress-removal/florida/jacksonville/ 301
/crystal-river-fl /mattress-removal/florida/orlando/ 301
/crystal-river-fl/ /mattress-removal/florida/orlando/ 301
/kilgore-tx/ /mattress-removal/texas/tyler/ 301
/kilgore-tx// /mattress-removal/texas/tyler/ 301
/highland-village-tx/ /mattress-removal/texas/dallas/ 301
/highland-village-tx// /mattress-removal/texas/dallas/ 301
/evans-co /mattress-removal/colorado/fort-collins/ 301
/evans-co/ /mattress-removal/colorado/fort-collins/ 301
/chevy-chase-md/ /mattress-removal/washington-dc/ 301
/chevy-chase-md// /mattress-removal/washington-dc/ 301
/north-east-md /mattress-removal/washington-dc/ 301
/north-east-md/ /mattress-removal/washington-dc/ 301
/chester-va/ /mattress-removal/washington-dc/ 301
/chester-va// /mattress-removal/washington-dc/ 301
/south-hill-va /mattress-removal/washington-dc/ 301
/south-hill-va/ /mattress-removal/washington-dc/ 301
/chestertown-md /mattress-removal/washington-dc/ 301
/chestertown-md/ /mattress-removal/washington-dc/ 301
/denton-md /mattress-removal/washington-dc/ 301
/denton-md/ /mattress-removal/washington-dc/ 301
/north-fort-myers-fl/ /mattress-removal/florida/fort-myers/ 301
/north-fort-myers-fl// /mattress-removal/florida/fort-myers/ 301
/wylie-tx/ /mattress-removal/texas/dallas/ 301
/wylie-tx// /mattress-removal/texas/dallas/ 301
/goleta-ca /mattress-removal/california/santa-barbara/ 301
/goleta-ca/ /mattress-removal/california/santa-barbara/ 301
/kingsburg-ca /mattress-removal/california/fresno/ 301
/kingsburg-ca/ /mattress-removal/california/fresno/ 301
/dinuba-ca/ /mattress-removal/california/fresno/ 301
/dinuba-ca// /mattress-removal/california/fresno/ 301
/rancho-cordova-ca /mattress-removal/california/sacramento/ 301
/rancho-cordova-ca/ /mattress-removal/california/sacramento/ 301
/trophy-club-tx/ /mattress-removal/texas/dallas/ 301
/trophy-club-tx// /mattress-removal/texas/dallas/ 301
/perry-hall-md /mattress-removal/washington-dc/ 301
/perry-hall-md/ /mattress-removal/washington-dc/ 301
/aberdeen-md /mattress-removal/washington-dc/ 301
/aberdeen-md/ /mattress-removal/washington-dc/ 301
/maitland-fl /mattress-removal/florida/orlando/ 301
/maitland-fl/ /mattress-removal/florida/orlando/ 301
/cupertino-ca /mattress-removal/california/san-francisco/ 301
/cupertino-ca/ /mattress-removal/california/san-francisco/ 301
/lakeway-tx/ /mattress-removal/texas/austin/ 301
/lakeway-tx// /mattress-removal/texas/austin/ 301
/safety-harbor-fl /mattress-removal/florida/tampa/ 301
/safety-harbor-fl/ /mattress-removal/florida/tampa/ 301
/merced-ca/ /mattress-removal/california/modesto/ 301
/merced-ca// /mattress-removal/california/modesto/ 301
/bartow-fl /mattress-removal/florida/tampa/ 301
/bartow-fl/ /mattress-removal/florida/tampa/ 301
/el-sobrante-ca /mattress-removal/california/san-francisco/ 301
/el-sobrante-ca/ /mattress-removal/california/san-francisco/ 301
/woodland-ca/ /mattress-removal/california/sacramento/ 301
/woodland-ca// /mattress-removal/california/sacramento/ 301
/pittsburg-ca /mattress-removal/california/san-francisco/ 301
/pittsburg-ca/ /mattress-removal/california/san-francisco/ 301
/menlo-park-ca /mattress-removal/california/san-francisco/ 301
/menlo-park-ca/ /mattress-removal/california/san-francisco/ 301
/dublin-ca /mattress-removal/california/san-francisco/ 301
/dublin-ca/ /mattress-removal/california/san-francisco/ 301
/sebastopol-ca /mattress-removal/california/san-francisco/ 301
/sebastopol-ca/ /mattress-removal/california/san-francisco/ 301
/royse-city-tx/ /mattress-removal/texas/dallas/ 301
/royse-city-tx// /mattress-removal/texas/dallas/ 301
/palatka-fl /mattress-removal/florida/jacksonville/ 301
/palatka-fl/ /mattress-removal/florida/jacksonville/ 301
/farmersville-tx/ /mattress-removal/texas/dallas/ 301
/farmersville-tx// /mattress-removal/texas/dallas/ 301
/petaluma-ca/ /mattress-removal/california/san-francisco/ 301
/petaluma-ca// /mattress-removal/california/san-francisco/ 301
/west-covina-ca/ /mattress-removal/california/san-francisco/ 301
/west-covina-ca// /mattress-removal/california/san-francisco/ 301
/fairfield-ca/ /mattress-removal/california/sacramento/ 301
/fairfield-ca// /mattress-removal/california/sacramento/ 301
/cotati-ca /mattress-removal/california/san-francisco/ 301
/cotati-ca/ /mattress-removal/california/san-francisco/ 301
/apopka-fl/ /mattress-removal/florida/orlando/ 301
/apopka-fl// /mattress-removal/florida/orlando/ 301
/mabank-tx/ /mattress-removal/texas/dallas/ 301
/mabank-tx// /mattress-removal/texas/dallas/ 301
/north-plymouth-ma /mattress-removal/massachusetts/plymouth/ 301
/north-plymouth-ma/ /mattress-removal/massachusetts/plymouth/ 301
/winter-garden-fl/ /mattress-removal/florida/orlando/ 301
/winter-garden-fl// /mattress-removal/florida/orlando/ 301
/west-hollywood-ca/ /mattress-removal/california/san-francisco/ 301
/west-hollywood-ca// /mattress-removal/california/san-francisco/ 301
/discovery-bay-ca /mattress-removal/california/san-francisco/ 301
/discovery-bay-ca/ /mattress-removal/california/san-francisco/ 301
/scotts-valley-ca /mattress-removal/california/santa-barbara/ 301
/scotts-valley-ca/ /mattress-removal/california/santa-barbara/ 301
/Little-Elm-TX/ /mattress-removal/texas/dallas/ 301
/Little-Elm-TX// /mattress-removal/texas/dallas/ 301
/north-palm-beach-fl /mattress-removal/florida/jacksonville/ 301
/north-palm-beach-fl/ /mattress-removal/florida/jacksonville/ 301
/spring-hill-fl /mattress-removal/florida/tampa/ 301
/spring-hill-fl/ /mattress-removal/florida/tampa/ 301
/lancaster-va/ /mattress-removal/washington-dc/ 301
/lancaster-va// /mattress-removal/washington-dc/ 301
/bee-cave-tx /mattress-removal/texas/austin/ 301
/bee-cave-tx/ /mattress-removal/texas/austin/ 301
/sun-city-center-fl /mattress-removal/florida/tampa/ 301
/sun-city-center-fl/ /mattress-removal/florida/tampa/ 301
/glen-allen-va/ /mattress-removal/washington-dc/ 301
/glen-allen-va// /mattress-removal/washington-dc/ 301
/madison-heights-va/ /mattress-removal/washington-dc/ 301
/madison-heights-va// /mattress-removal/washington-dc/ 301
/calvert-md/ /mattress-removal/washington-dc/ 301
/calvert-md// /mattress-removal/washington-dc/ 301
/stephens-city-va/ /mattress-removal/washington-dc/ 301
/stephens-city-va// /mattress-removal/washington-dc/ 301
/queenstown-md/ /mattress-removal/washington-dc/ 301
/queenstown-md// /mattress-removal/washington-dc/ 301
/gladewater-tx/ /mattress-removal/texas/tyler/ 301
/gladewater-tx// /mattress-removal/texas/tyler/ 301
/seaside-ca /mattress-removal/california/santa-barbara/ 301
/seaside-ca/ /mattress-removal/california/santa-barbara/ 301
/marina-ca/ /mattress-removal/california/santa-barbara/ 301
/marina-ca// /mattress-removal/california/santa-barbara/ 301
/milliken-co /mattress-removal/colorado/fort-collins/ 301
/milliken-co/ /mattress-removal/colorado/fort-collins/ 301
/tappahannock-va/ /mattress-removal/washington-dc/ 301
/tappahannock-va// /mattress-removal/washington-dc/ 301
/middleburg-va/ /mattress-removal/washington-dc/ 301
/middleburg-va// /mattress-removal/washington-dc/ 301
/bushnell-fl /mattress-removal/florida/orlando/ 301
/bushnell-fl/ /mattress-removal/florida/orlando/ 301
/elkton-va /mattress-removal/washington-dc/ 301
/elkton-va/ /mattress-removal/washington-dc/ 301
/dundalk-md/ /mattress-removal/washington-dc/ 301
/dundalk-md// /mattress-removal/washington-dc/ 301
/south-padre-island-tx/ /mattress-removal/texas/san-antonio/ 301
/south-padre-island-tx// /mattress-removal/texas/san-antonio/ 301
/norton-va/ /mattress-removal/washington-dc/ 301
/norton-va// /mattress-removal/washington-dc/ 301
/greenbelt-md /mattress-removal/washington-dc/alexandria/ 301
/greenbelt-md/ /mattress-removal/washington-dc/alexandria/ 301
/tehachapi-ca /mattress-removal/california/fresno/ 301
/tehachapi-ca/ /mattress-removal/california/fresno/ 301
/west-falls-church-va /mattress-removal/washington-dc/ 301
/west-falls-church-va/ /mattress-removal/washington-dc/ 301
/Milpitas-CA/ /mattress-removal/california/san-francisco/ 301
/Milpitas-CA// /mattress-removal/california/san-francisco/ 301
/Petaluma-CA/ /mattress-removal/california/san-francisco/ 301
/Petaluma-CA// /mattress-removal/california/san-francisco/ 301
/fruitland-park-fl /mattress-removal/florida/orlando/ 301
/fruitland-park-fl/ /mattress-removal/florida/orlando/ 301
/daytona-beach-shores-fl /mattress-removal/florida/daytona-beach/ 301
/daytona-beach-shores-fl/ /mattress-removal/florida/daytona-beach/ 301
/temple-terrace-fl/ /mattress-removal/florida/tampa/ 301
/temple-terrace-fl// /mattress-removal/florida/tampa/ 301
/atwater-ca /mattress-removal/california/fresno/ 301
/atwater-ca/ /mattress-removal/california/fresno/ 301
/edgewood-md /mattress-removal/washington-dc/ 301
/edgewood-md/ /mattress-removal/washington-dc/ 301
/pinole-ca/ /mattress-removal/california/san-francisco/ 301
/pinole-ca// /mattress-removal/california/san-francisco/ 301
/north-springfield-va/ /mattress-removal/washington-dc/springfield/ 301
/north-springfield-va// /mattress-removal/washington-dc/springfield/ 301
/south-daytona-fl/ /mattress-removal/florida/daytona-beach/ 301
/south-daytona-fl// /mattress-removal/florida/daytona-beach/ 301
/reedley-ca/ /mattress-removal/california/fresno/ 301
/reedley-ca// /mattress-removal/california/fresno/ 301
/Easton-MD/ /mattress-removal/washington-dc/ 301
/Easton-MD// /mattress-removal/washington-dc/ 301
/melbourne-beach-fl/ /mattress-removal/florida/jacksonville/ 301
/melbourne-beach-fl// /mattress-removal/florida/jacksonville/ 301
/Melissa-TX/ /mattress-removal/texas/dallas/ 301
/Melissa-TX// /mattress-removal/texas/dallas/ 301
/cedar-hill-tx/ /mattress-removal/texas/dallas/ 301
/cedar-hill-tx// /mattress-removal/texas/dallas/ 301
/helotes-tx/ /mattress-removal/texas/austin/ 301
/helotes-tx// /mattress-removal/texas/austin/ 301
/burlingame-ca /mattress-removal/california/san-francisco/ 301
/burlingame-ca/ /mattress-removal/california/san-francisco/ 301
/riverbank-ca/ /mattress-removal/california/sacramento/ 301
/riverbank-ca// /mattress-removal/california/sacramento/ 301
/milpitas-ca/ /mattress-removal/california/san-francisco/ 301
/milpitas-ca// /mattress-removal/california/san-francisco/ 301
/west-richland-wa /mattress-removal/washington/richland/ 301
/west-richland-wa/ /mattress-removal/washington/richland/ 301
/pasadena-md/ /mattress-removal/washington-dc/ 301
/pasadena-md// /mattress-removal/washington-dc/ 301
/pleasanton-ca/ /mattress-removal/california/san-francisco/ 301
/pleasanton-ca// /mattress-removal/california/san-francisco/ 301
/clinton-md /mattress-removal/washington-dc/ 301
/clinton-md/ /mattress-removal/washington-dc/ 301
/millbrae-ca/ /mattress-removal/california/san-francisco/ 301
/millbrae-ca// /mattress-removal/california/san-francisco/ 301
/sachse-tx/ /mattress-removal/texas/dallas/ 301
/sachse-tx// /mattress-removal/texas/dallas/ 301
/hercules-ca /mattress-removal/california/san-francisco/ 301
/hercules-ca/ /mattress-removal/california/san-francisco/ 301
/port-neches-tx/ /mattress-removal/texas/tyler/ 301
/port-neches-tx// /mattress-removal/texas/tyler/ 301
/vidor-tx/ /mattress-removal/texas/tyler/ 301
/vidor-tx// /mattress-removal/texas/tyler/ 301
/inverness-fl /mattress-removal/florida/orlando/ 301
/inverness-fl/ /mattress-removal/florida/orlando/ 301
/smithfield-va/ /mattress-removal/washington-dc/ 301
/smithfield-va// /mattress-removal/washington-dc/ 301
/east-haven-ct /mattress-removal/connecticut/new-haven/ 301
/east-haven-ct/ /mattress-removal/connecticut/new-haven/ 301
/lutz-fl /mattress-removal/florida/tampa/ 301
/lutz-fl/ /mattress-removal/florida/tampa/ 301
/coronado-ca /mattress-removal/california/corona/ 301
/coronado-ca/ /mattress-removal/california/corona/ 301
/rockledge-fl /mattress-removal/florida/jacksonville/ 301
/rockledge-fl/ /mattress-removal/florida/jacksonville/ 301
/oxon-hill-md/ /mattress-removal/washington-dc/ 301
/oxon-hill-md// /mattress-removal/washington-dc/ 301
/bristol-va /mattress-removal/washington-dc/ 301
/bristol-va/ /mattress-removal/washington-dc/ 301
/hutto-tx/ /mattress-removal/texas/austin/ 301
/hutto-tx// /mattress-removal/texas/austin/ 301
/wimberley-tx/ /mattress-removal/texas/austin/ 301
/wimberley-tx// /mattress-removal/texas/austin/ 301
/newark-ca /mattress-removal/california/san-francisco/ 301
/newark-ca/ /mattress-removal/california/san-francisco/ 301
/north-ogden-ut /mattress-removal/utah/ogden/ 301
/north-ogden-ut/ /mattress-removal/utah/ogden/ 301
/Apopka-FL/ /mattress-removal/florida/orlando/ 301
/Apopka-FL// /mattress-removal/florida/orlando/ 301
/louisa-va/ /mattress-removal/washington-dc/ 301
/louisa-va// /mattress-removal/washington-dc/ 301
/clint-tx/ /mattress-removal/texas/el-paso/ 301
/clint-tx// /mattress-removal/texas/el-paso/ 301
/fort-washington-md /mattress-removal/washington-dc/ 301
/fort-washington-md/ /mattress-removal/washington-dc/ 301
/orangevale-ca /mattress-removal/california/sacramento/ 301
/orangevale-ca/ /mattress-removal/california/sacramento/ 301
/west-frostproof-fl /mattress-removal/florida/tampa/ 301
/west-frostproof-fl/ /mattress-removal/florida/tampa/ 301
/bluefield-va /mattress-removal/washington-dc/ 301
/bluefield-va/ /mattress-removal/washington-dc/ 301
/jessup-md /mattress-removal/washington-dc/ 301
/jessup-md/ /mattress-removal/washington-dc/ 301
/lexington-va/ /mattress-removal/washington-dc/ 301
/lexington-va// /mattress-removal/washington-dc/ 301
/delano-ca /mattress-removal/california/fresno/ 301
/delano-ca/ /mattress-removal/california/fresno/ 301
/valparaiso-fl/ /mattress-removal/florida/tallahassee/ 301
/valparaiso-fl// /mattress-removal/florida/tallahassee/ 301
/thurmont-md /mattress-removal/washington-dc/ 301
/thurmont-md/ /mattress-removal/washington-dc/ 301
/colleyville-tx/ /mattress-removal/texas/dallas/ 301
/colleyville-tx// /mattress-removal/texas/dallas/ 301
/aubrey-tx/ /mattress-removal/texas/dallas/ 301
/aubrey-tx// /mattress-removal/texas/dallas/ 301
/warsaw-va /mattress-removal/washington-dc/ 301
/warsaw-va/ /mattress-removal/washington-dc/ 301
/national-md /mattress-removal/washington-dc/ 301
/national-md/ /mattress-removal/washington-dc/ 301
/north-potomac-md /mattress-removal/washington-dc/ 301
/north-potomac-md/ /mattress-removal/washington-dc/ 301
/dublin-va/ /mattress-removal/washington-dc/ 301
/dublin-va// /mattress-removal/washington-dc/ 301
/north-bend-or/ /mattress-removal/oregon/bend/ 301
/north-bend-or// /mattress-removal/oregon/bend/ 301
/orange-va/ /mattress-removal/washington-dc/ 301
/orange-va// /mattress-removal/washington-dc/ 301
/carmel-valley-ca/ /mattress-removal/california/santa-barbara/ 301
/carmel-valley-ca// /mattress-removal/california/santa-barbara/ 301
/north-saint-paul-mn /mattress-removal/minnesota/st-paul/ 301
/north-saint-paul-mn/ /mattress-removal/minnesota/st-paul/ 301
/indian-river-shores-fl/ /mattress-removal/florida/jacksonville/ 301
/indian-river-shores-fl// /mattress-removal/florida/jacksonville/ 301
/white-stone-va/ /mattress-removal/washington-dc/ 301
/white-stone-va// /mattress-removal/washington-dc/ 301
/wolfforth-tx/ /mattress-removal/texas/el-paso/ 301
/wolfforth-tx// /mattress-removal/texas/el-paso/ 301
/chincoteague-va/ /mattress-removal/washington-dc/ 301
/chincoteague-va// /mattress-removal/washington-dc/ 301
/castroville-tx/ /mattress-removal/texas/austin/ 301
/castroville-tx// /mattress-removal/texas/austin/ 301
/essex-md /mattress-removal/washington-dc/ 301
/essex-md/ /mattress-removal/washington-dc/ 301
/alexandria-va/ /mattress-removal/washington-dc/alexandria/ 301
/alexandria-va// /mattress-removal/washington-dc/alexandria/ 301
/chowchilla-ca/ /mattress-removal/california/fresno/ 301
/chowchilla-ca// /mattress-removal/california/fresno/ 301
/mechanicsville-md /mattress-removal/washington-dc/ 301
/mechanicsville-md/ /mattress-removal/washington-dc/ 301
/orinda-ca/ /mattress-removal/california/san-francisco/ 301
/orinda-ca// /mattress-removal/california/san-francisco/ 301
/monrovia-md /mattress-removal/washington-dc/ 301
/monrovia-md/ /mattress-removal/washington-dc/ 301
/south-river-nj/ /mattress-removal/new-jersey/toms-river/ 301
/south-river-nj// /mattress-removal/new-jersey/toms-river/ 301
/mouth-of-wilson-va/ /mattress-removal/washington-dc/ 301
/mouth-of-wilson-va// /mattress-removal/washington-dc/ 301
/timnath-co/ /mattress-removal/colorado/fort-collins/ 301
/timnath-co// /mattress-removal/colorado/fort-collins/ 301
/galena-md /mattress-removal/washington-dc/ 301
/galena-md/ /mattress-removal/washington-dc/ 301
/windermere-fl /mattress-removal/florida/orlando/ 301
/windermere-fl/ /mattress-removal/florida/orlando/ 301
/fowler-ca/ /mattress-removal/california/fresno/ 301
/fowler-ca// /mattress-removal/california/fresno/ 301
/jasper-tx/ /mattress-removal/texas/tyler/ 301
/jasper-tx// /mattress-removal/texas/tyler/ 301
/ruckersville-va/ /mattress-removal/washington-dc/ 301
/ruckersville-va// /mattress-removal/washington-dc/ 301
/galax-va /mattress-removal/washington-dc/ 301
/galax-va/ /mattress-removal/washington-dc/ 301
/california-md /mattress-removal/washington-dc/ 301
/california-md/ /mattress-removal/washington-dc/ 301
/reisterstown-md /mattress-removal/washington-dc/ 301
/reisterstown-md/ /mattress-removal/washington-dc/ 301
/fishersville-va /mattress-removal/washington-dc/ 301
/fishersville-va/ /mattress-removal/washington-dc/ 301
/daleville-va/ /mattress-removal/washington-dc/ 301
/daleville-va// /mattress-removal/washington-dc/ 301
/tahoe-vista-ca/ /mattress-removal/california/san-diego/ 301
/tahoe-vista-ca// /mattress-removal/california/san-diego/ 301
/devine-tx/ /mattress-removal/texas/austin/ 301
/devine-tx// /mattress-removal/texas/austin/ 301
/delmar-md/ /mattress-removal/washington-dc/ 301
/delmar-md// /mattress-removal/washington-dc/ 301
/carrollwood-fl /mattress-removal/florida/tampa/ 301
/carrollwood-fl/ /mattress-removal/florida/tampa/ 301
/palmview-tx/ /mattress-removal/texas/corpus-christi/ 301
/palmview-tx// /mattress-removal/texas/corpus-christi/ 301
/stuart-va /mattress-removal/washington-dc/ 301
/stuart-va/ /mattress-removal/washington-dc/ 301
/bentonville-va/ /mattress-removal/washington-dc/ 301
/bentonville-va// /mattress-removal/washington-dc/ 301
/grottoes-va/ /mattress-removal/washington-dc/ 301
/grottoes-va// /mattress-removal/washington-dc/ 301
/temple-hills-md /mattress-removal/washington-dc/ 301
/temple-hills-md/ /mattress-removal/washington-dc/ 301
/estero-fl/ /mattress-removal/florida/fort-myers/ 301
/estero-fl// /mattress-removal/florida/fort-myers/ 301
/east-palo-alto-ca/ /mattress-removal/california/sacramento/ 301
/east-palo-alto-ca// /mattress-removal/california/sacramento/ 301
/livingston-ca /mattress-removal/california/fresno/ 301
/livingston-ca/ /mattress-removal/california/fresno/ 301
/selma-tx/ /mattress-removal/texas/san-antonio/ 301
/selma-tx// /mattress-removal/texas/san-antonio/ 301
/patterson-ca/ /mattress-removal/california/sacramento/ 301
/patterson-ca// /mattress-removal/california/sacramento/ 301
/fort-myers-beach-fl/ /mattress-removal/florida/fort-myers/ 301
/fort-myers-beach-fl// /mattress-removal/florida/fort-myers/ 301
/north-lauderdale-fl/ /mattress-removal/florida/jacksonville/ 301
/north-lauderdale-fl// /mattress-removal/florida/jacksonville/ 301
/ault-co/ /mattress-removal/colorado/fort-collins/ 301
/ault-co// /mattress-removal/colorado/fort-collins/ 301
/lanham-md /mattress-removal/washington-dc/ 301
/lanham-md/ /mattress-removal/washington-dc/ 301
/menlo-park-ca/ /mattress-removal/california/san-francisco/ 301
/menlo-park-ca// /mattress-removal/california/san-francisco/ 301
/purcellville-va/ /mattress-removal/washington-dc/ 301
/purcellville-va// /mattress-removal/washington-dc/ 301
/tiburon-ca/ /mattress-removal/california/san-francisco/ 301
/tiburon-ca// /mattress-removal/california/san-francisco/ 301
/strathmore-ca/ /mattress-removal/california/fresno/ 301
/strathmore-ca// /mattress-removal/california/fresno/ 301
/salem-va/ /mattress-removal/washington-dc/ 301
/salem-va// /mattress-removal/washington-dc/ 301
/nederland-tx/ /mattress-removal/texas/tyler/ 301
/nederland-tx// /mattress-removal/texas/tyler/ 301
/wewahitchka-fl/ /mattress-removal/florida/tallahassee/ 301
/wewahitchka-fl// /mattress-removal/florida/tallahassee/ 301
/citrus-heights-ca /mattress-removal/california/sacramento/ 301
/citrus-heights-ca/ /mattress-removal/california/sacramento/ 301
/haines-city-fl /mattress-removal/florida/orlando/ 301
/haines-city-fl/ /mattress-removal/florida/orlando/ 301
/laurel-md/ /mattress-removal/washington-dc/ 301
/laurel-md// /mattress-removal/washington-dc/ 301
/larkspur-ca/ /mattress-removal/california/san-francisco/ 301
/larkspur-ca// /mattress-removal/california/san-francisco/ 301
/gloucester-va/ /mattress-removal/washington-dc/ 301
/gloucester-va// /mattress-removal/washington-dc/ 301
/oakland-md/ /mattress-removal/washington-dc/ 301
/oakland-md// /mattress-removal/washington-dc/ 301
/lago-vista-tx/ /mattress-removal/texas/austin/ 301
/lago-vista-tx// /mattress-removal/texas/austin/ 301
/gun-barrel-city-tx/ /mattress-removal/texas/dallas/ 301
/gun-barrel-city-tx// /mattress-removal/texas/dallas/ 301
/north-haven-ct/ /mattress-removal/connecticut/new-haven/ 301
/north-haven-ct// /mattress-removal/connecticut/new-haven/ 301
/callaway-fl/ /mattress-removal/florida/tallahassee/ 301
/callaway-fl// /mattress-removal/florida/tallahassee/ 301
/apollo-beach-fl /mattress-removal/florida/tampa/ 301
/apollo-beach-fl/ /mattress-removal/florida/tampa/ 301
/odenton-md /mattress-removal/washington-dc/ 301
/odenton-md/ /mattress-removal/washington-dc/ 301
/greenbelt-md/ /mattress-removal/washington-dc/alexandria/ 301
/greenbelt-md// /mattress-removal/washington-dc/alexandria/ 301
/east-hartford-ct/ /mattress-removal/connecticut/hartford/ 301
/east-hartford-ct// /mattress-removal/connecticut/hartford/ 301
/minneola-fl /mattress-removal/florida/orlando/ 301
/minneola-fl/ /mattress-removal/florida/orlando/ 301
/longwood-fl /mattress-removal/florida/orlando/ 301
/longwood-fl/ /mattress-removal/florida/orlando/ 301
/north-deland-fl /mattress-removal/florida/jacksonville/ 301
/north-deland-fl/ /mattress-removal/florida/jacksonville/ 301
/vinton-va /mattress-removal/washington-dc/ 301
/vinton-va/ /mattress-removal/washington-dc/ 301
/largo-md /mattress-removal/washington-dc/ 301
/largo-md/ /mattress-removal/washington-dc/ 301
/grant-valkaria-fl/ /mattress-removal/florida/jacksonville/ 301
/grant-valkaria-fl// /mattress-removal/florida/jacksonville/ 301
/south-toms-river-nj/ /mattress-removal/new-jersey/toms-river/ 301
/south-toms-river-nj// /mattress-removal/new-jersey/toms-river/ 301
/centreville-va/ /mattress-removal/washington-dc/centreville/ 301
/centreville-va// /mattress-removal/washington-dc/centreville/ 301
/port-richey-fl /mattress-removal/florida/tampa/ 301
/port-richey-fl/ /mattress-removal/florida/tampa/ 301
/quincy-fl /mattress-removal/florida/tallahassee/ 301
/quincy-fl/ /mattress-removal/florida/tallahassee/ 301
/lytle-tx/ /mattress-removal/texas/austin/ 301
/lytle-tx// /mattress-removal/texas/austin/ 301
/plainview-tx/ /mattress-removal/texas/el-paso/ 301
/plainview-tx// /mattress-removal/texas/el-paso/ 301
/jacksonville-beach-fl /mattress-removal/florida/jacksonville/ 301
/jacksonville-beach-fl/ /mattress-removal/florida/jacksonville/ 301
/brownfield-tx/ /mattress-removal/texas/el-paso/ 301
/brownfield-tx// /mattress-removal/texas/el-paso/ 301
/east-lexington-va/ /mattress-removal/washington-dc/ 301
/east-lexington-va// /mattress-removal/washington-dc/ 301
/homosassa-fl /mattress-removal/florida/orlando/ 301
/homosassa-fl/ /mattress-removal/florida/orlando/ 301
/beaumont-place-tx/ /mattress-removal/texas/beaumont/ 301
/beaumont-place-tx// /mattress-removal/texas/beaumont/ 301
/kingsville-md /mattress-removal/washington-dc/ 301
/kingsville-md/ /mattress-removal/washington-dc/ 301
/la-plata-md /mattress-removal/washington-dc/ 301
/la-plata-md/ /mattress-removal/washington-dc/ 301
/fort-laramie-wy /mattress-removal/wyoming/laramie/ 301
/fort-laramie-wy/ /mattress-removal/wyoming/laramie/ 301
/Rockwall-TX/ /mattress-removal/texas/dallas/ 301
/Rockwall-TX// /mattress-removal/texas/dallas/ 301
/live-oak-tx/ /mattress-removal/texas/san-antonio/ 301
/live-oak-tx// /mattress-removal/texas/san-antonio/ 301
/moraga-ca/ /mattress-removal/california/san-francisco/ 301
/moraga-ca// /mattress-removal/california/san-francisco/ 301
/sheboygan-falls-wi /mattress-removal/wisconsin/sheboygan/ 301
/sheboygan-falls-wi/ /mattress-removal/wisconsin/sheboygan/ 301
/valrico-fl /mattress-removal/florida/tampa/ 301
/valrico-fl/ /mattress-removal/florida/tampa/ 301
/american-canyon-ca/ /mattress-removal/california/san-francisco/ 301
/american-canyon-ca// /mattress-removal/california/san-francisco/ 301
/carmichael-ca /mattress-removal/california/sacramento/ 301
/carmichael-ca/ /mattress-removal/california/sacramento/ 301
/dublin-ca/ /mattress-removal/california/san-francisco/ 301
/dublin-ca// /mattress-removal/california/san-francisco/ 301
/north-bay-village-fl/ /mattress-removal/florida/jacksonville/ 301
/north-bay-village-fl// /mattress-removal/florida/jacksonville/ 301
/roanoke-tx/ /mattress-removal/texas/dallas/ 301
/roanoke-tx// /mattress-removal/texas/dallas/ 301
/danville-ca /mattress-removal/california/san-francisco/ 301
/danville-ca/ /mattress-removal/california/san-francisco/ 301
/west-pensacola-fl /mattress-removal/florida/tampa/ 301
/west-pensacola-fl/ /mattress-removal/florida/tampa/ 301
/emeryville-ca /mattress-removal/california/san-francisco/ 301
/emeryville-ca/ /mattress-removal/california/san-francisco/ 301
/lehigh-acres-fl/ /mattress-removal/florida/fort-myers/ 301
/lehigh-acres-fl// /mattress-removal/florida/fort-myers/ 301
/windsor-ca /mattress-removal/california/san-francisco/ 301
/windsor-ca/ /mattress-removal/california/san-francisco/ 301
/suitland-md/ /mattress-removal/washington-dc/ 301
/suitland-md// /mattress-removal/washington-dc/ 301
/westchase-fl/ /mattress-removal/florida/tampa/ 301
/westchase-fl// /mattress-removal/florida/tampa/ 301
/north-bethesda-md/ /mattress-removal/washington-dc/ 301
/north-bethesda-md// /mattress-removal/washington-dc/ 301
/donna-tx/ /mattress-removal/texas/corpus-christi/ 301
/donna-tx// /mattress-removal/texas/corpus-christi/ 301
/isle-of-wight-va/ /mattress-removal/washington-dc/ 301
/isle-of-wight-va// /mattress-removal/washington-dc/ 301
/lusby-md /mattress-removal/washington-dc/ 301
/lusby-md/ /mattress-removal/washington-dc/ 301
/carney-md /mattress-removal/washington-dc/ 301
/carney-md/ /mattress-removal/washington-dc/ 301
/north-brooksville-fl /mattress-removal/florida/jacksonville/ 301
/north-brooksville-fl/ /mattress-removal/florida/jacksonville/ 301
/el-cerrito-ca/ /mattress-removal/california/san-francisco/ 301
/el-cerrito-ca// /mattress-removal/california/san-francisco/ 301
/oak-hill-fl/ /mattress-removal/florida/jacksonville/ 301
/oak-hill-fl// /mattress-removal/florida/jacksonville/ 301
/indian-harbour-beach-fl/ /mattress-removal/florida/jacksonville/ 301
/indian-harbour-beach-fl// /mattress-removal/florida/jacksonville/ 301
/mims-fl /mattress-removal/florida/jacksonville/ 301
/mims-fl/ /mattress-removal/florida/jacksonville/ 301
/windcrest-tx/ /mattress-removal/texas/san-antonio/ 301
/windcrest-tx// /mattress-removal/texas/san-antonio/ 301
/keystone-heights-fl/ /mattress-removal/florida/jacksonville/ 301
/keystone-heights-fl// /mattress-removal/florida/jacksonville/ 301
/kaufman-tx/ /mattress-removal/texas/dallas/ 301
/kaufman-tx// /mattress-removal/texas/dallas/ 301
/round-hill-va /mattress-removal/washington-dc/ 301
/round-hill-va/ /mattress-removal/washington-dc/ 301
/leonardtown-md /mattress-removal/washington-dc/ 301
/leonardtown-md/ /mattress-removal/washington-dc/ 301
/baltimore-highlands-md /mattress-removal/maryland/baltimore/ 301
/baltimore-highlands-md/ /mattress-removal/maryland/baltimore/ 301
/forest-va/ /mattress-removal/washington-dc/ 301
/forest-va// /mattress-removal/washington-dc/ 301
/hillsville-va/ /mattress-removal/washington-dc/ 301
/hillsville-va// /mattress-removal/washington-dc/ 301
/brandywine-md/ /mattress-removal/washington-dc/ 301
/brandywine-md// /mattress-removal/washington-dc/ 301
/hallsville-tx/ /mattress-removal/texas/tyler/ 301
/hallsville-tx// /mattress-removal/texas/tyler/ 301
/burke-va/ /mattress-removal/washington-dc/ 301
/burke-va// /mattress-removal/washington-dc/ 301
/manchester-md/ /mattress-removal/washington-dc/ 301
/manchester-md// /mattress-removal/washington-dc/ 301
/isla-vista-ca/ /mattress-removal/california/san-diego/ 301
/isla-vista-ca// /mattress-removal/california/san-diego/ 301
/middle-river-md /mattress-removal/washington-dc/ 301
/middle-river-md/ /mattress-removal/washington-dc/ 301
/decatur-il /mattress-removal/illinois/springfield/ 301
/decatur-il/ /mattress-removal/illinois/springfield/ 301
/burgess-va /mattress-removal/washington-dc/ 301
/burgess-va/ /mattress-removal/washington-dc/ 301
/tucson-estates-az/ /mattress-removal/arizona/tucson/ 301
/tucson-estates-az// /mattress-removal/arizona/tucson/ 301
/eaton-co /mattress-removal/colorado/fort-collins/ 301
/eaton-co/ /mattress-removal/colorado/fort-collins/ 301
/emmitsburg-md /mattress-removal/washington-dc/ 301
/emmitsburg-md/ /mattress-removal/washington-dc/ 301
/Rockville-MD/ /mattress-removal/washington-dc/rockville/ 301
/Rockville-MD// /mattress-removal/washington-dc/rockville/ 301
/harmans-md /mattress-removal/washington-dc/ 301
/harmans-md/ /mattress-removal/washington-dc/ 301
/aspen-hill-md/ /mattress-removal/washington-dc/ 301
/aspen-hill-md// /mattress-removal/washington-dc/ 301
/clarksburg-md /mattress-removal/washington-dc/ 301
/clarksburg-md/ /mattress-removal/washington-dc/ 301
/DeSoto-TX/ /mattress-removal/texas/dallas/ 301
/DeSoto-TX// /mattress-removal/texas/dallas/ 301
/petersburg-va /mattress-removal/washington-dc/ 301
/petersburg-va/ /mattress-removal/washington-dc/ 301
/mexico-beach-fl /mattress-removal/florida/tallahassee/ 301
/mexico-beach-fl/ /mattress-removal/florida/tallahassee/ 301
/pebble-beach-ca/ /mattress-removal/california/santa-barbara/ 301
/pebble-beach-ca// /mattress-removal/california/santa-barbara/ 301
/north-key-largo-fl/ /mattress-removal/florida/jacksonville/ 301
/north-key-largo-fl// /mattress-removal/florida/jacksonville/ 301
/kensington-md /mattress-removal/washington-dc/ 301
/kensington-md/ /mattress-removal/washington-dc/ 301
/bethel-island-ca/ /mattress-removal/california/san-francisco/ 301
/bethel-island-ca// /mattress-removal/california/san-francisco/ 301
/blairs-va/ /mattress-removal/washington-dc/ 301
/blairs-va// /mattress-removal/washington-dc/ 301
/buckingham-va/ /mattress-removal/washington-dc/ 301
/buckingham-va// /mattress-removal/washington-dc/ 301
/colonial-beach-va/ /mattress-removal/washington-dc/ 301
/colonial-beach-va// /mattress-removal/washington-dc/ 301
/rancho-san-diego-ca /mattress-removal/california/san-diego/ 301
/rancho-san-diego-ca/ /mattress-removal/california/san-diego/ 301
/Sanford-FL/ /mattress-removal/florida/orlando/ 301
/Sanford-FL// /mattress-removal/florida/orlando/ 301
/mathews-va/ /mattress-removal/washington-dc/ 301
/mathews-va// /mattress-removal/washington-dc/ 301
/alva-fl /mattress-removal/florida/fort-myers/ 301
/alva-fl/ /mattress-removal/florida/fort-myers/ 301
/ocean-pines-md /mattress-removal/washington-dc/ 301
/ocean-pines-md/ /mattress-removal/washington-dc/ 301
/socorro-tx /mattress-removal/texas/el-paso/ 301
/socorro-tx/ /mattress-removal/texas/el-paso/ 301
/timonium-md /mattress-removal/washington-dc/ 301
/timonium-md/ /mattress-removal/washington-dc/ 301
/floyd-va/ /mattress-removal/washington-dc/ 301
/floyd-va// /mattress-removal/washington-dc/ 301
/robstown-tx/ /mattress-removal/texas/corpus-christi/ 301
/robstown-tx// /mattress-removal/texas/corpus-christi/ 301
/cheverly-md/ /mattress-removal/washington-dc/ 301
/cheverly-md// /mattress-removal/washington-dc/ 301
/ingleside-tx/ /mattress-removal/texas/corpus-christi/ 301
/ingleside-tx// /mattress-removal/texas/corpus-christi/ 301
/millington-md /mattress-removal/washington-dc/ 301
/millington-md/ /mattress-removal/washington-dc/ 301
/lower-allen-pa/ /mattress-removal/pennsylvania/allentown/ 301
/lower-allen-pa// /mattress-removal/pennsylvania/allentown/ 301
/south-cleveland-tn /mattress-removal/tennessee/cleveland/ 301
/south-cleveland-tn/ /mattress-removal/tennessee/cleveland/ 301
/amherst-va /mattress-removal/washington-dc/ 301
/amherst-va/ /mattress-removal/washington-dc/ 301
/west-ocean-city-md /mattress-removal/maryland/annapolis/ 301
/west-ocean-city-md/ /mattress-removal/maryland/annapolis/ 301
/felton-ca/ /mattress-removal/california/santa-barbara/ 301
/felton-ca// /mattress-removal/california/santa-barbara/ 301
/arkansas-city-ks/ /mattress-removal/kansas/kansas-city/ 301
/arkansas-city-ks// /mattress-removal/kansas/kansas-city/ 301
/penney-farms-fl /mattress-removal/florida/jacksonville/ 301
/penney-farms-fl/ /mattress-removal/florida/jacksonville/ 301
/kent-narrows-md /mattress-removal/washington-dc/ 301
/kent-narrows-md/ /mattress-removal/washington-dc/ 301
/massies-mill-va/ /mattress-removal/washington-dc/ 301
/massies-mill-va// /mattress-removal/washington-dc/ 301
/kilmarnock-va/ /mattress-removal/washington-dc/ 301
/kilmarnock-va// /mattress-removal/washington-dc/ 301
/basye-va/ /mattress-removal/washington-dc/ 301
/basye-va// /mattress-removal/washington-dc/ 301
/ruther-glen-va/ /mattress-removal/washington-dc/ 301
/ruther-glen-va// /mattress-removal/washington-dc/ 301
/federal-hill-md /mattress-removal/washington-dc/ 301
/federal-hill-md/ /mattress-removal/washington-dc/ 301
/newman-ca /mattress-removal/california/sacramento/ 301
/newman-ca/ /mattress-removal/california/sacramento/ 301
/white-oak-tx /mattress-removal/texas/tyler/ 301
/white-oak-tx/ /mattress-removal/texas/tyler/ 301
/Mathis-TX /mattress-removal/texas/corpus-christi/ 301
/Mathis-TX/ /mattress-removal/texas/corpus-christi/ 301
/centenary-va/ /mattress-removal/washington-dc/ 301
/centenary-va// /mattress-removal/washington-dc/ 301
/richlands-va /mattress-removal/washington-dc/ 301
/richlands-va/ /mattress-removal/washington-dc/ 301
/sunderland-md /mattress-removal/washington-dc/ 301
/sunderland-md/ /mattress-removal/washington-dc/ 301
/fairfax-station-va /mattress-removal/washington-dc/fairfax/ 301
/fairfax-station-va/ /mattress-removal/washington-dc/fairfax/ 301
/von-ormy-tx/ /mattress-removal/texas/austin/ 301
/von-ormy-tx// /mattress-removal/texas/austin/ 301
/east-pittsburgh-pa /mattress-removal/pennsylvania/pittsburgh/ 301
/east-pittsburgh-pa/ /mattress-removal/pennsylvania/pittsburgh/ 301
/gore-va/ /mattress-removal/washington-dc/ 301
/gore-va// /mattress-removal/washington-dc/ 301
/upper-marlboro-md/ /mattress-removal/washington-dc/ 301
/upper-marlboro-md// /mattress-removal/washington-dc/ 301
/belleview-fl /mattress-removal/florida/orlando/ 301
/belleview-fl/ /mattress-removal/florida/orlando/ 301
/pocomoke-city-md /mattress-removal/washington-dc/ 301
/pocomoke-city-md/ /mattress-removal/washington-dc/ 301
/joppatowne-md /mattress-removal/washington-dc/ 301
/joppatowne-md/ /mattress-removal/washington-dc/ 301
/luling-tx/ /mattress-removal/texas/austin/ 301
/luling-tx// /mattress-removal/texas/austin/ 301
/crozet-va/ /mattress-removal/washington-dc/ 301
/crozet-va// /mattress-removal/washington-dc/ 301
/gordonsville-va/ /mattress-removal/washington-dc/ 301
/gordonsville-va// /mattress-removal/washington-dc/ 301
/hughson-ca/ /mattress-removal/california/sacramento/ 301
/hughson-ca// /mattress-removal/california/sacramento/ 301
/urbanna-va /mattress-removal/washington-dc/ 301
/urbanna-va/ /mattress-removal/washington-dc/ 301
/east-milton-fl /mattress-removal/florida/jacksonville/ 301
/east-milton-fl/ /mattress-removal/florida/jacksonville/ 301
/pace-fl/ /mattress-removal/florida/tallahassee/ 301
/pace-fl// /mattress-removal/florida/tallahassee/ 301
/cape-charles-va/ /mattress-removal/washington-dc/ 301
/cape-charles-va// /mattress-removal/washington-dc/ 301
/rocky-mount-va /mattress-removal/washington-dc/ 301
/rocky-mount-va/ /mattress-removal/washington-dc/ 301
/lake-buena-vista-fl /mattress-removal/florida/orlando/ 301
/lake-buena-vista-fl/ /mattress-removal/florida/orlando/ 301
/stevensville-md/ /mattress-removal/washington-dc/ 301
/stevensville-md// /mattress-removal/washington-dc/ 301
/chester-ny/ /mattress-removal/new-york/rochester/ 301
/chester-ny// /mattress-removal/new-york/rochester/ 301
/clear-spring-md/ /mattress-removal/washington-dc/ 301
/clear-spring-md// /mattress-removal/washington-dc/ 301
/dunkirk-md/ /mattress-removal/washington-dc/ 301
/dunkirk-md// /mattress-removal/washington-dc/ 301
/tilghman-island-md /mattress-removal/washington-dc/ 301
/tilghman-island-md/ /mattress-removal/washington-dc/ 301
/exmore-va /mattress-removal/washington-dc/ 301
/exmore-va/ /mattress-removal/washington-dc/ 301
/lignum-va/ /mattress-removal/washington-dc/ 301
/lignum-va// /mattress-removal/washington-dc/ 301
/oakton-va /mattress-removal/washington-dc/ 301
/oakton-va/ /mattress-removal/washington-dc/ 301
/elmendorf-tx/ /mattress-removal/texas/austin/ 301
/elmendorf-tx// /mattress-removal/texas/austin/ 301
/port-deposit-md /mattress-removal/washington-dc/ 301
/port-deposit-md/ /mattress-removal/washington-dc/ 301
/wintergreen-va/ /mattress-removal/washington-dc/ 301
/wintergreen-va// /mattress-removal/washington-dc/ 301
/bowling-green-va/ /mattress-removal/washington-dc/ 301
/bowling-green-va// /mattress-removal/washington-dc/ 301
/east-pasadena-ca/ /mattress-removal/california/sacramento/ 301
/east-pasadena-ca// /mattress-removal/california/sacramento/ 301
/sorrento-fl /mattress-removal/florida/orlando/ 301
/sorrento-fl/ /mattress-removal/florida/orlando/ 301
/ararat-va/ /mattress-removal/washington-dc/ 301
/ararat-va// /mattress-removal/washington-dc/ 301
/graceville-fl/ /mattress-removal/florida/tallahassee/ 301
/graceville-fl// /mattress-removal/florida/tallahassee/ 301
/palmyra-va /mattress-removal/washington-dc/ 301
/palmyra-va/ /mattress-removal/washington-dc/ 301
/tornillo-tx/ /mattress-removal/texas/el-paso/ 301
/tornillo-tx// /mattress-removal/texas/el-paso/ 301
/bishopville-md /mattress-removal/washington-dc/ 301
/bishopville-md/ /mattress-removal/washington-dc/ 301
/fairfax-ca /mattress-removal/california/san-francisco/ 301
/fairfax-ca/ /mattress-removal/california/san-francisco/ 301
/oslo-fl/ /mattress-removal/florida/jacksonville/ 301
/oslo-fl// /mattress-removal/florida/jacksonville/ 301
/pomfret-md /mattress-removal/washington-dc/ 301
/pomfret-md/ /mattress-removal/washington-dc/ 301
/beltsville-md /mattress-removal/washington-dc/ 301
/beltsville-md/ /mattress-removal/washington-dc/ 301
/east-new-market-md/ /mattress-removal/washington-dc/ 301
/east-new-market-md// /mattress-removal/washington-dc/ 301
/goldvein-va/ /mattress-removal/washington-dc/ 301
/goldvein-va// /mattress-removal/washington-dc/ 301
/west-rutland-vt /mattress-removal/vermont/rutland/ 301
/west-rutland-vt/ /mattress-removal/vermont/rutland/ 301
/east-la-mirada-ca /mattress-removal/california/sacramento/ 301
/east-la-mirada-ca/ /mattress-removal/california/sacramento/ 301
/groves-tx/ /mattress-removal/texas/tyler/ 301
/groves-tx// /mattress-removal/texas/tyler/ 301
/lynn-haven-fl /mattress-removal/florida/tallahassee/ 301
/lynn-haven-fl/ /mattress-removal/florida/tallahassee/ 301
/accomac-va/ /mattress-removal/washington-dc/ 301
/accomac-va// /mattress-removal/washington-dc/ 301
/kensington-ca /mattress-removal/california/san-francisco/ 301
/kensington-ca/ /mattress-removal/california/san-francisco/ 301
/mount-dora-fl/ /mattress-removal/florida/orlando/ 301
/mount-dora-fl// /mattress-removal/florida/orlando/ 301
/port-saint-joe-fl /mattress-removal/florida/tallahassee/ 301
/port-saint-joe-fl/ /mattress-removal/florida/tallahassee/ 301
/welaka-fl /mattress-removal/florida/jacksonville/ 301
/welaka-fl/ /mattress-removal/florida/jacksonville/ 301
/amelia-court-house-va /mattress-removal/washington-dc/ 301
/amelia-court-house-va/ /mattress-removal/washington-dc/ 301
/vernon-fl/ /mattress-removal/florida/tallahassee/ 301
/vernon-fl// /mattress-removal/florida/tallahassee/ 301
/eden-md /mattress-removal/washington-dc/ 301
/eden-md/ /mattress-removal/washington-dc/ 301
/tyaskin-md /mattress-removal/washington-dc/ 301
/tyaskin-md/ /mattress-removal/washington-dc/ 301
/indialantic-fl/ /mattress-removal/florida/jacksonville/ 301
/indialantic-fl// /mattress-removal/florida/jacksonville/ 301
/la-vale-md /mattress-removal/washington-dc/ 301
/la-vale-md/ /mattress-removal/washington-dc/ 301
/scottsville-va/ /mattress-removal/washington-dc/ 301
/scottsville-va// /mattress-removal/washington-dc/ 301
/corte-madera-ca /mattress-removal/california/san-francisco/ 301
/corte-madera-ca/ /mattress-removal/california/san-francisco/ 301
/jefferson-tx/ /mattress-removal/texas/tyler/ 301
/jefferson-tx// /mattress-removal/texas/tyler/ 301
/union-bridge-md /mattress-removal/washington-dc/ 301
/union-bridge-md/ /mattress-removal/washington-dc/ 301
/boulder-creek-ca/ /mattress-removal/california/santa-barbara/ 301
/boulder-creek-ca// /mattress-removal/california/santa-barbara/ 301
/nederland-tx /mattress-removal/texas/tyler/ 301
/nederland-tx/ /mattress-removal/texas/tyler/ 301
/tahoka-tx /mattress-removal/texas/el-paso/ 301
/tahoka-tx/ /mattress-removal/texas/el-paso/ 301
/laurel-hill-fl/ /mattress-removal/florida/tallahassee/ 301
/laurel-hill-fl// /mattress-removal/florida/tallahassee/ 301
/medina-tx /mattress-removal/texas/austin/ 301
/medina-tx/ /mattress-removal/texas/austin/ 301
/midway-fl /mattress-removal/florida/tallahassee/ 301
/midway-fl/ /mattress-removal/florida/tallahassee/ 301
/sand-city-ca /mattress-removal/california/santa-barbara/ 301
/sand-city-ca/ /mattress-removal/california/santa-barbara/ 301
/union-hall-va /mattress-removal/washington-dc/ 301
/union-hall-va/ /mattress-removal/washington-dc/ 301
/sanibel-fl /mattress-removal/florida/fort-myers/ 301
/sanibel-fl/ /mattress-removal/florida/fort-myers/ 301
/parlier-ca /mattress-removal/california/fresno/ 301
/parlier-ca/ /mattress-removal/california/fresno/ 301
/Los-Banos-CA/ /mattress-removal/california/fresno/ 301
/Los-Banos-CA// /mattress-removal/california/fresno/ 301
/manassas-park-va /mattress-removal/washington-dc/manassas/ 301
/manassas-park-va/ /mattress-removal/washington-dc/manassas/ 301
/cockeysville-md /mattress-removal/washington-dc/ 301
/cockeysville-md/ /mattress-removal/washington-dc/ 301
/east-grand-rapids-mi/ /mattress-removal/michigan/grand-rapids/ 301
/east-grand-rapids-mi// /mattress-removal/michigan/grand-rapids/ 301
/foster-city-ca /mattress-removal/california/san-francisco/ 301
/foster-city-ca/ /mattress-removal/california/san-francisco/ 301
/ocoee-fl /mattress-removal/florida/orlando/ 301
/ocoee-fl/ /mattress-removal/florida/orlando/ 301
/harmans-md/ /mattress-removal/washington-dc/ 301
/harmans-md// /mattress-removal/washington-dc/ 301
/corinth-tx/ /mattress-removal/texas/dallas/ 301
/corinth-tx// /mattress-removal/texas/dallas/ 301
/potomac-heights-md /mattress-removal/washington-dc/ 301
/potomac-heights-md/ /mattress-removal/washington-dc/ 301