/utah-locations /mattress-removal/utah/ 301
/utah-locations/ /mattress-removal/utah/ 301
/texas-locations /mattress-removal/texas/ 301
/texas-locations/ /mattress-removal/texas/ 301
/tennessee-locations /mattress-removal/tennessee/ 301
/tennessee-locations/ /mattress-removal/tennessee/ 301
/mattress-recycling-fairfax-va /mattress-removal/washington-dc/fairfax/ 301
/mattress-recycling-fairfax-va/ /mattress-removal/washington-dc/fairfax/ 301
/mattress-recycling-lebanon-tn /mattress-removal/tennessee/nashville/lebanon/ 301
/mattress-recycling-lebanon-tn/ /mattress-removal/tennessee/nashville/lebanon/ 301
/mattress-recycling-beaverton-or /mattress-removal/oregon/portland/beaverton/ 301
/mattress-recycling-beaverton-or/ /mattress-removal/oregon/portland/beaverton/ 301
/mattress-recycling-indianapolis-in /mattress-removal/indiana/indianapolis/ 301
/mattress-recycling-indianapolis-in/ /mattress-removal/indiana/indianapolis/ 301
/mattress-disposal-salt-lake-city /mattress-removal/utah/salt-lake-city/ 301
/mattress-disposal-salt-lake-city/ /mattress-removal/utah/salt-lake-city/ 301
/garland-tx /mattress-removal/texas/dallas/garland/ 301
/garland-tx/ /mattress-removal/texas/dallas/garland/ 301
/mattress-disposal-pearland-tx /mattress-removal/texas/houston/pearland/ 301
/mattress-disposal-pearland-tx/ /mattress-removal/texas/houston/pearland/ 301
/sacramento-ca /mattress-removal/california/sacramento/ 301
/sacramento-ca/ /mattress-removal/california/sacramento/ 301
/mesquite-tx /mattress-removal/texas/dallas/ 301
/mesquite-tx/ /mattress-removal/texas/dallas/ 301
/mattress-disposal-dallas-tx /mattress-removal/texas/dallas/ 301
/mattress-disposal-dallas-tx/ /mattress-removal/texas/dallas/ 301
/houston-tx /mattress-removal/texas/houston/ 301
/houston-tx/ /mattress-removal/texas/houston/ 301
/hayward-ca /mattress-removal/california/san-francisco/hayward/ 301
/hayward-ca/ /mattress-removal/california/san-francisco/hayward/ 301
/mattress-disposal-fremont-ca /mattress-removal/california/san-francisco/fremont/ 301
/mattress-disposal-fremont-ca/ /mattress-removal/california/san-francisco/fremont/ 301
/mattress-disposal-oakland-ca /mattress-removal/california/san-francisco/oakland/ 301
/mattress-disposal-oakland-ca/ /mattress-removal/california/san-francisco/oakland/ 301
/mattress-disposal-san-jose-ca /mattress-removal/california/san-francisco/san-jose/ 301
/mattress-disposal-san-jose-ca/ /mattress-removal/california/san-francisco/san-jose/ 301
/mountain-view-ca /mattress-removal/california/san-francisco/mountain-view/ 301
/mountain-view-ca/ /mattress-removal/california/san-francisco/mountain-view/ 301
/san-mateo-ca /mattress-removal/california/san-francisco/san-mateo/ 301
/san-mateo-ca/ /mattress-removal/california/san-francisco/san-mateo/ 301
/daly-city-ca /mattress-removal/california/san-francisco/daly-city/ 301
/daly-city-ca/ /mattress-removal/california/san-francisco/daly-city/ 301
/san-francisco-ca /mattress-removal/california/san-francisco/ 301
/san-francisco-ca/ /mattress-removal/california/san-francisco/ 301
/mattress-disposal-wheat-ridge-co /mattress-removal/colorado/denver/wheat-ridge/ 301
/mattress-disposal-wheat-ridge-co/ /mattress-removal/colorado/denver/wheat-ridge/ 301
/mattress-disposal-skokie-il /mattress-removal/illinois/chicago/skokie/ 301
/mattress-disposal-skokie-il/ /mattress-removal/illinois/chicago/skokie/ 301
/mattress-disposal-joliet-il /mattress-removal/illinois/chicago/joliet/ 301
/mattress-disposal-joliet-il/ /mattress-removal/illinois/chicago/joliet/ 301
/mattress-disposal-palatine-il /mattress-removal/illinois/chicago/palatine/ 301
/mattress-disposal-palatine-il/ /mattress-removal/illinois/chicago/palatine/ 301
/mattress-disposal-evanston-il /mattress-removal/illinois/chicago/evanston/ 301
/mattress-disposal-evanston-il/ /mattress-removal/illinois/chicago/evanston/ 301
/mattress-disposal-bolingbrook-il /mattress-removal/illinois/chicago/bolingbrook/ 301
/mattress-disposal-bolingbrook-il/ /mattress-removal/illinois/chicago/bolingbrook/ 301
/mattress-disposal-arlington-heights-il /mattress-removal/illinois/chicago/arlington-heights/ 301
/mattress-disposal-arlington-heights-il/ /mattress-removal/illinois/chicago/arlington-heights/ 301
/mattress-disposal-cicero-il /mattress-removal/illinois/chicago/cicero/ 301
/mattress-disposal-cicero-il/ /mattress-removal/illinois/chicago/cicero/ 301
/mattress-disposal-elgin-il /mattress-removal/illinois/chicago/elgin/ 301
/mattress-disposal-elgin-il/ /mattress-removal/illinois/chicago/elgin/ 301
/mattress-disposal-naperville-il /mattress-removal/illinois/chicago/naperville/ 301
/mattress-disposal-naperville-il/ /mattress-removal/illinois/chicago/naperville/ 301
/mattress-disposal-aurora-il /mattress-removal/illinois/chicago/aurora/ 301
/mattress-disposal-aurora-il/ /mattress-removal/illinois/chicago/aurora/ 301
/mattress-disposal-tucson-az /mattress-removal/arizona/tucson/ 301
/mattress-disposal-tucson-az/ /mattress-removal/arizona/tucson/ 301
/mattress-recycling-pittsburgh-pa /mattress-removal/pennsylvania/pittsburgh/ 301
/mattress-recycling-pittsburgh-pa/ /mattress-removal/pennsylvania/pittsburgh/ 301
/mattress-disposal-tempe-az /mattress-removal/arizona/phoenix/tempe/ 301
/mattress-disposal-tempe-az/ /mattress-removal/arizona/phoenix/tempe/ 301
/mattress-disposal-scottsdale-az /mattress-removal/arizona/phoenix/scottsdale/ 301
/mattress-disposal-scottsdale-az/ /mattress-removal/arizona/phoenix/scottsdale/ 301
/mattress-disposal-gilbert-az /mattress-removal/arizona/phoenix/gilbert/ 301
/mattress-disposal-gilbert-az/ /mattress-removal/arizona/phoenix/gilbert/ 301
/mattress-disposal-mesa-az /mattress-removal/arizona/phoenix/mesa/ 301
/mattress-disposal-mesa-az/ /mattress-removal/arizona/phoenix/mesa/ 301
/mattress-disposal-chandler-az /mattress-removal/arizona/phoenix/chandler/ 301
/mattress-disposal-chandler-az/ /mattress-removal/arizona/phoenix/chandler/ 301
/mattress-disposal-phoenix-az /mattress-removal/arizona/phoenix/ 301
/mattress-disposal-phoenix-az/ /mattress-removal/arizona/phoenix/ 301
/mattress-disposal-leander-tx /mattress-removal/texas/austin/leander/ 301
/mattress-disposal-leander-tx/ /mattress-removal/texas/austin/leander/ 301
/mattress-disposal-pflugerville-tx /mattress-removal/texas/austin/pflugerville/ 301
/mattress-disposal-pflugerville-tx/ /mattress-removal/texas/austin/pflugerville/ 301
/mattress-disposal-georgetown-tx /mattress-removal/texas/austin/georgetown/ 301
/mattress-disposal-georgetown-tx/ /mattress-removal/texas/austin/georgetown/ 301
/mattress-disposal-cedar-park-tx /mattress-removal/texas/austin/cedar-park/ 301
/mattress-disposal-cedar-park-tx/ /mattress-removal/texas/austin/cedar-park/ 301
/mattress-disposal-round-rock-tx /mattress-removal/texas/austin/round-rock/ 301
/mattress-disposal-round-rock-tx/ /mattress-removal/texas/austin/round-rock/ 301
/la-mesa-mattress-disposal /mattress-removal/california/san-diego/la-mesa/ 301
/la-mesa-mattress-disposal/ /mattress-removal/california/san-diego/la-mesa/ 301
/mattress-disposal-thornton-co /mattress-removal/colorado/denver/thornton/ 301
/mattress-disposal-thornton-co/ /mattress-removal/colorado/denver/thornton/ 301
/mattress-disposal-superior-co /mattress-removal/colorado/boulder/superior/ 301
/mattress-disposal-superior-co/ /mattress-removal/colorado/boulder/superior/ 301
/mattress-disposal-parker-co /mattress-removal/colorado/denver/parker/ 301
/mattress-disposal-parker-co/ /mattress-removal/colorado/denver/parker/ 301
/mattress-disposal-loveland-co /mattress-removal/colorado/fort-collins/loveland/ 301
/mattress-disposal-loveland-co/ /mattress-removal/colorado/fort-collins/loveland/ 301
/mattress-disposal-louisville-co /mattress-removal/colorado/boulder/louisville/ 301
/mattress-disposal-louisville-co/ /mattress-removal/colorado/boulder/louisville/ 301
/mattress-disposal-littleton-co /mattress-removal/colorado/denver/littleton/ 301
/mattress-disposal-littleton-co/ /mattress-removal/colorado/denver/littleton/ 301
/mattress-disposal-lakewood-co /mattress-removal/colorado/denver/lakewood/ 301
/mattress-disposal-lakewood-co/ /mattress-removal/colorado/denver/lakewood/ 301
/mattress-disposal-lafayette-co /mattress-removal/colorado/boulder/lafayette/ 301
/mattress-disposal-lafayette-co/ /mattress-removal/colorado/boulder/lafayette/ 301
/mattress-disposal-highlands-ranch-co /mattress-removal/colorado/denver/highlands-ranch/ 301
/mattress-disposal-highlands-ranch-co/ /mattress-removal/colorado/denver/highlands-ranch/ 301
/denver-mattress-disposal /mattress-removal/colorado/denver/ 301
/denver-mattress-disposal/ /mattress-removal/colorado/denver/ 301
/mattress-disposal-dacono-co /mattress-removal/colorado/denver/dacono/ 301
/mattress-disposal-dacono-co/ /mattress-removal/colorado/denver/dacono/ 301
/mattress-disposal-centennial-co /mattress-removal/colorado/denver/centennial/ 301
/mattress-disposal-centennial-co/ /mattress-removal/colorado/denver/centennial/ 301
/mattress-disposal-castle-rock-co /mattress-removal/colorado/denver/castle-rock/ 301
/mattress-disposal-castle-rock-co/ /mattress-removal/colorado/denver/castle-rock/ 301